gene_symbol,referral_indication,disease_grouping,Syndromic or non-syndromic HCM,disease_name,gene_disease_validity,allelic_requirement,inheritance,inheritance_modifiers,mechanism,variant_class_with_pathogenicity_evidence,pmids,expert_panel,expert_panel_review_date,curated_date,entry_date
ABCC9,Hypertrophic Cardiomyopathy (HCM),Syndrome with hypertrophic cardiomyopathy - no isolated LVH,Syndromic ,ABCC9-related Cantu Syndrome,Definitive,monoallelic_autosomal,Autosomal dominant,nan,gain of function,missense_variant,31828977;22608503;34453476;33529173;31175705;22610116;30089727,DDG2P team,13.01.2025,11.11.2021,2023-05-17 13:51:00+00:00
ACTC1,Hypertrophic Cardiomyopathy (HCM),Familial hypertrophic cardiomyopathy,Non-syndromic,ACTC1-related Hypertrophic cardiomyopathy,Definitive,monoallelic_autosomal,Autosomal dominant,nan,nan,missense_variant;inframe_deletion,10966831;20031618;17611253;28972856;27532257;26061005;10330430;28007147;23604709,Cardiomyopathy expert panel,10.11.2021,10.10.2021,2022-04-25 12:45:00+00:00
ACTN2,Hypertrophic Cardiomyopathy (HCM),Familial hypertrophic cardiomyopathy,Non-syndromic,ACTN2-related cardiac and skeletal myopathy,Definitive,monoallelic_autosomal,Autosomal dominant,nan,nan,frameshift_variant_NMD_triggering;stop_gained_NMD_triggering;missense_variant;inframe_deletion;deletion,34802252;34526680;20022194;25224718;25173926;30630173;31956495;31680489;17097056;27532257;31983221;33500567;32973354;30701273;30900782;38311799; 39971408,ClinGen HCVD GCEP,17.03.2025,10.10.2024,
ALPK3,Hypertrophic Cardiomyopathy (HCM),Familial hypertrophic cardiomyopathy,Non-syndromic,ALPK3-related Hypertrophic cardiomyopathy,Strong,monoallelic_autosomal,Autosomal dominant,nan,loss of function,stop_gained_variant;frameshift_variant;splice_donor_variant;splice_acceptor_variant,33191771;34263907;34526680;32480058;39971408,ClinGen HCVD GCEP,17.03.2025,10.10.2024,2022-04-26 12:45:00+00:00
ALPK3,Hypertrophic Cardiomyopathy (HCM),Rare syndromic disorder with hypertrophic cardiomyopathy - isolated LVH,Syndromic ,ALPK3-related Hypertrophic cardiomyopathy,Definitive,biallelic_autosomal,Autosomal recessive,nan,nan,splice_acceptor_variant;splice_donor_variant;frameshift_variant;stop_gained;missense_variant,34263907;21441111;33191771;34263911;32480058;31074094;27106955;26846950,Cardiomyopathy expert panel,24.11.2021,11.11.2021,2022-04-25 12:45:00+00:00
BAG3,Dilated Cardiomyopathy (DCM),Familial dilated cardiomyopathy,NA,BAG3-related Dilated cardiomyopathy,Definitive,monoallelic_autosomal,Autosomal dominant,Typified by incomplete penetrance,nan,splice_acceptor_variant;splice_donor_variant;frameshift_variant;missense_variant;stop_gained_NMD_triggering;exon_loss_variant;transcript_ablation,25008357;21353195;21898660;23518596;31808029;30442290;26796036;31983221;27391596;32160020;28737513;20884878,Cardiomyopathy expert panel,08.12.2021,31.03.2021,2022-04-25 12:45:00+00:00
BAG3,Hypertrophic Cardiomyopathy (HCM),Syndrome with hypertrophic cardiomyopathy - no isolated LVH,Syndromic ,BAG3-related Myofibrillar myopathy,Definitive,monoallelic_autosomal,Autosomal dominant,Typically de novo,nan,missense_variant,23995273;20605452;32453099;22734908;25728519;19085932;21361913,Cardiomyopathy expert panel,12.01.2022,11.11.2021,2023-05-17 13:52:00+00:00
CACNA1C,Long QT Syndrome (LQTS),Syndromic QT prolongation and cardiac arrhythmias,NA,CACNA1C-related Timothy syndrome,Definitive,monoallelic_autosomal,Autosomal dominant,Typically de novo,nan,missense_variant,15863612;15454078;22106044;26253506;4728418;31983240;NBK1403;30681346;33797204;16360093,Channelopathy expert panel,16.06.2021,11.11.2020,2022-05-25 11:23:00+00:00
CACNA1C,Hypertrophic Cardiomyopathy (HCM),Rare syndromic disorder with hypertrophic cardiomyopathy - isolated LVH,Syndromic ,CACNA1C-related Timothy syndrome,Definitive,monoallelic_autosomal,Autosomal dominant,Typically de novo,nan,missense_variant,28211989;25633834;15863612;15454078;22106044;26253506;4728418;31983240;NBK1403;30681346;33797204;16360093,Cardiomyopathy expert panel,24.11.2021,11.11.2021,2022-05-25 11:23:00+00:00
CALM1,Catecholaminergic polymorphic ventricular tachycardia (CPVT),Atypical CPVT phenotype,NA,CALM1-related Catecholaminergic polymorphic ventricular tachycardia,Moderate,monoallelic_autosomal,Autosomal dominant,Typically de novo,nan,missense_variant,31170290;26309258;31983240;24563457;23040497;25557436;32929985,Channelopathy expert panel,19.05.2021,08.01.2021,2022-04-25 12:45:00+00:00
CALM1,Long QT Syndrome (LQTS),Long QT syndrome with an atypical presentation,NA,CALM1-related Long QT syndrome,Definitive,monoallelic_autosomal,Autosomal dominant,Typically de novo,nan,missense_variant,31170290;31983240;23388215;26969752,Channelopathy expert panel,16.06.2021,14.10.2020,2022-04-26 11:53:00+00:00
CALM2,Catecholaminergic polymorphic ventricular tachycardia (CPVT),Atypical CPVT phenotype,NA,CALM2-related Catecholaminergic polymorphic ventricular tachycardia,Moderate,monoallelic_autosomal,Autosomal dominant,Typically de novo,nan,missense_variant,31170290;26309258;24917665;31983240;25557436;27100291,Channelopathy expert panel,19.05.2021,08.01.2021,2022-04-25 12:45:00+00:00
CALM2,Long QT Syndrome (LQTS),Long QT syndrome with an atypical presentation,NA,CALM2-related Long QT syndrome,Definitive,monoallelic_autosomal,Autosomal dominant,Typically de novo,nan,missense_variant,31170290;27765793;31983240;23388215;26969752,Channelopathy expert panel,16.06.2021,14.10.2020,2022-04-26 11:53:00+00:00
CALM3,Catecholaminergic polymorphic ventricular tachycardia (CPVT),Atypical CPVT phenotype,NA,CALM3-related Catecholaminergic polymorphic ventricular tachycardia,Moderate,monoallelic_autosomal,Autosomal dominant,Typically de novo,nan,missense_variant,31170290;31983240;27516456,Channelopathy expert panel,19.05.2021,08.01.2021,2022-04-25 12:45:00+00:00
CALM3,Long QT Syndrome (LQTS),Long QT syndrome with an atypical presentation,NA,CALM3-related Long QT syndrome,Definitive,monoallelic_autosomal,Autosomal dominant,Typically de novo,nan,missense_variant,31170290;31983240;23388215;26969752,Channelopathy expert panel,16.06.2021,14.10.2020,2022-04-26 11:53:00+00:00
CASQ2,Catecholaminergic polymorphic ventricular tachycardia (CPVT),Classic CPVT phenotype,NA,CASQ2-related Catecholaminergic polymorphic ventricular tachycardia,Moderate,monoallelic_autosomal,Autosomal dominant,Typified by incomplete penetrance,nan,splice_region_variant;missense_variant;stop_gained_NMD_triggering;splice_donor_variant_NMD_triggering;frameshift_variant_NMD_triggering;splice_acceptor_variant_NMD_triggering,16908766;32693635;12386154;15176429;21618644;27157848,Channelopathy expert panel,19.05.2021,08.01.2021,2022-04-25 12:45:00+00:00
CASQ2,Catecholaminergic polymorphic ventricular tachycardia (CPVT),Classic CPVT phenotype,NA,CASQ2-related Catecholaminergic polymorphic ventricular tachycardia,Definitive,biallelic_autosomal,Autosomal recessive,nan,loss of function,splice_region_variant;missense_variant;stop_gained_NMD_triggering;splice_donor_variant_NMD_triggering;frameshift_variant_NMD_triggering;splice_acceptor_variant_NMD_triggering,16908766;32693635;12386154;15176429;21618644;27157848,Channelopathy expert panel,19.05.2021,08.01.2021,2022-04-25 12:45:00+00:00
CRYAB,Hypertrophic Cardiomyopathy (HCM),Syndrome with hypertrophic cardiomyopathy - no isolated LVH,Syndromic ,CRYAB-related Alpha-related B crystallinpathy,Definitive,monoallelic_autosomal,Autosomal dominant,Typified by age-related onset,undetermined non-loss-of-function,missense_variant;stop_gained_NMD_escaping;frameshift_variant_NMD_escaping;stop_lost,14681890;21130652;21337604;570292;28493373;9731540;30681346;32420686;21920752;38212463;33272090,DDG2P team,13.01.2025,27.03.2021,2023-05-17 13:51:00+00:00
CSRP3,Hypertrophic Cardiomyopathy (HCM),Familial hypertrophic cardiomyopathy,Non-syndromic,CSRP3-related Hypertrophic cardiomyopathy,Definitive,monoallelic_autosomal,Autosomal dominant,nan,loss of function,frameshift_variant_NMD_triggering;stop_gained_NMD_triggering;splice_acceptor_variant;splice_donor_variant;missense_variant;inframe_deletion;inframe_insertion,30012424;31919335;30681346;28082330;18505755;33035702;34526680;16352453;15781201;23396983;26656175;21425739;12642359;19035361;25351510;23861362;20087448;34558151;33012304;37431535;39971408,ClinGen HCVD GCEP,17.03.2025,10.10.2024,
CSRP3,Hypertrophic Cardiomyopathy (HCM),Familial hypertrophic cardiomyopathy,Non-syndromic,CSRP3-related Hypertrophic cardiomyopathy,Definitive,biallelic_autosomal,Autosomal recessive,nan,loss of function,frameshift_variant_NMD_triggering;stop_gained_NMD_triggering;splice_acceptor_variant;splice_donor_variant;missense_variant;inframe_deletion;inframe_insertion,30012424;31919335;30681346;28082330;18505755;33035702;34526680;16352453;15781201;23396983;26656175;21425739;12642359;19035361;25351510;23861362;20087448;34558151;33012304;37431535;39971408,ClinGen HCVD GCEP,17.03.2025,10.10.2024,
DES,Dilated Cardiomyopathy (DCM),Familial dilated cardiomyopathy,NA,DES-related Dilated cardiomyopathy,Definitive,monoallelic_autosomal,Autosomal dominant,nan,nan,missense_variant;splice_acceptor_variant_NMD_escaping,23349452;23300193;10430757;17626518;26724190;11728149;17325244,Cardiomyopathy expert panel,08.12.2021,31.03.2021,2022-04-25 12:45:00+00:00
DES,Hypertrophic Cardiomyopathy (HCM),Rare syndromic disorder with hypertrophic cardiomyopathy - isolated LVH,Syndromic ,DES-related Myofibrillar myopathy,Definitive,monoallelic_autosomal,Autosomal dominant,nan,nan,missense_variant;inframe_deletion;stop_gained_NMD_triggering;stop_gained_NMD_escaping;frameshift_variant_NMD_triggering;splice_acceptor_variant_NMD_escaping;splice_donor_variant_NMD_escaping;frameshift_variant_NMD_escaping,20718792;11073539;29926427;19433360;9736733;31718026;30681346;16217025;23815709;19181099,Cardiomyopathy expert panel,12.01.2022,27.03.2021,2022-04-25 12:45:00+00:00
DES,Hypertrophic Cardiomyopathy (HCM),Rare syndromic disorder with hypertrophic cardiomyopathy - isolated LVH,Syndromic ,DES-related Myofibrillar myopathy,Definitive,biallelic_autosomal,Autosomal recessive,Typified by incomplete penetrance; Typified by age-related onset,nan,missense_variant;inframe_deletion;stop_gained_NMD_triggering;stop_gained_NMD_escaping;frameshift_variant_NMD_triggering;splice_acceptor_variant_NMD_escaping;splice_donor_variant_NMD_escaping;frameshift_variant_NMD_escaping,20718792;11073539;29926427;19433360;9736733;31718026;30681346;16217025;23815709;19181099,Cardiomyopathy expert panel,12.01.2022,27.03.2021,2022-04-25 12:45:00+00:00
DSC2,Arrhythmogenic right ventricular cardiomyopathy (ARVC),Familial isolated arrhythmogenic cardiomyopathy,NA,DSC2-related Arrhythmogenic right ventricular cardiomyopathy,Definitive,monoallelic_autosomal,Autosomal dominant,Typified by incomplete penetrance,nan,splice_region_variant;splice_acceptor_variant;splice_donor_variant;frameshift_variant;stop_gained;missense_variant;inframe_deletion;inframe_insertion;NMD_triggering,17963498;33831308;24070718;17186466;19863551;24793512;20031616;21636032;23911551;17033975;34400560;31028357;23863954;31402444;26310507,Cardiomyopathy expert panel,05.01.2022,25.11.2021,2022-04-25 12:45:00+00:00
DSC2,Arrhythmogenic right ventricular cardiomyopathy (ARVC),Familial isolated arrhythmogenic cardiomyopathy,NA,DSC2-related Arrhythmogenic right ventricular cardiomyopathy,Definitive,biallelic_autosomal,Autosomal recessive,Typified by incomplete penetrance,nan,splice_region_variant;splice_acceptor_variant;splice_donor_variant;frameshift_variant;stop_gained;missense_variant;inframe_deletion;inframe_insertion;NMD_triggering,17963498;33831308;24070718;17186466;19863551;24793512;20031616;21636032;23911551;17033975;34400560;31028357;23863954;31402444;26310507,Cardiomyopathy expert panel,05.01.2022,25.11.2021,2022-04-25 12:45:00+00:00
DSG2,Arrhythmogenic right ventricular cardiomyopathy (ARVC),Familial isolated arrhythmogenic cardiomyopathy,NA,DSG2-related Arrhythmogenic right ventricular cardiomyopathy,Definitive,monoallelic_autosomal,Autosomal dominant,Typified by incomplete penetrance,nan,splice_acceptor_variant;splice_donor_variant;frameshift_variant;stop_gained;missense_variant;inframe_deletion;inframe_insertion,25616645;33831308;33917638;24070718;27532257;30790397;21636032;16505173;34400560;30454721;27170944;16823493,Cardiomyopathy expert panel,05.01.2022,12.12.2021,2022-04-25 12:45:00+00:00
DSG2,Arrhythmogenic right ventricular cardiomyopathy (ARVC),Familial isolated arrhythmogenic cardiomyopathy,NA,DSG2-related Arrhythmogenic right ventricular cardiomyopathy,Definitive,biallelic_autosomal,Autosomal recessive,Typified by incomplete penetrance,nan,splice_acceptor_variant;splice_donor_variant;frameshift_variant;stop_gained;missense_variant;inframe_deletion;inframe_insertion,25616645;33831308;33917638;24070718;27532257;30790397;21636032;16505173;34400560;30454721;27170944;16823493,Cardiomyopathy expert panel,05.01.2022,12.12.2021,2022-04-25 12:45:00+00:00
DSP,Arrhythmogenic right ventricular cardiomyopathy (ARVC),Familial isolated arrhythmogenic cardiomyopathy,NA,DSP-related Arrhythmogenic right ventricular cardiomyopathy,Definitive,monoallelic_autosomal,Autosomal dominant,Typified by incomplete penetrance,nan,splice_acceptor_variant;splice_donor_variant;frameshift_variant;stop_gained;missense_variant;inframe_deletion;inframe_insertion,33831308;20716751;27532257;33275305;27761164;21636032;31319917;32372669;31514951;23810894;20940358;22795705;24503780;26604139;23137101;11063735;32808748;30382575,Cardiomyopathy expert panel,05.01.2022,12.12.2021,2022-04-25 12:45:00+00:00
DSP,Arrhythmogenic right ventricular cardiomyopathy (ARVC),Familial isolated arrhythmogenic cardiomyopathy,NA,DSP-related Arrhythmogenic right ventricular cardiomyopathy,Definitive,biallelic_autosomal,Autosomal recessive,Typified by incomplete penetrance,nan,splice_acceptor_variant;splice_donor_variant;frameshift_variant;stop_gained;missense_variant;inframe_deletion;inframe_insertion,33831308;20716751;27532257;33275305;27761164;21636032;31319917;32372669;31514951;23810894;20940358;22795705;24503780;26604139;23137101;11063735;32808748;30382575,Cardiomyopathy expert panel,05.01.2022,12.12.2021,2022-04-25 12:45:00+00:00
DSP,Dilated Cardiomyopathy (DCM),Familial dilated cardiomyopathy,NA,DSP-related Dilated cardiomyopathy,Definitive,monoallelic_autosomal,Autosomal dominant,nan,nan,frameshift_variant;missense_variant;stop_gained_NMD_triggering;splice_donor_variant_NMD_triggering;splice_acceptor_variant_NMD_triggering,20716751;27532257;31317183;32005173;24503780;23022708;31983221;32013205,Cardiomyopathy expert panel,01.02.2022,06.08.2021,2024-03-20 09:58:00+00:00
FHL1,Hypertrophic Cardiomyopathy (HCM),Rare syndromic disorder with hypertrophic cardiomyopathy - isolated LVH,Syndromic ,FHL1-related Emery Dreifuss muscular dystrophy,Definitive,monoallelic_autosomal,Autosomal dominant,Typified by age-related onset,nan,splice_region_variant;stop_lost;missense_variant;stop_gained_NMD_escaping;frameshift_variant_NMD_escaping,22523091;19716112;32993534;20186852;30681346,Cardiomyopathy expert panel,12.01.2022,27.03.2021,2022-04-25 12:45:00+00:00
FHOD3,Hypertrophic Cardiomyopathy (HCM),Familial hypertrophic cardiomyopathy,Non-syndromic,FHOD3-related Hypertrophic cardiomyopathy,Definitive,monoallelic_autosomal,Autosomal dominant,nan,nan,splice_acceptor_variant_NMD_escaping;splice_donor_variant_NMD_escaping;missense_variant;inframe_deletion;inframe_insertion;exon_loss_variant,19706596;30442288;29907873;30898215;31742804;32335906;33586461;34526680;35288587;38051749;39971408,ClinGen HCVD GCEP,17.03.2025,10.10.2024,
FLNC,Dilated Cardiomyopathy (DCM),Familial dilated cardiomyopathy,NA,FLNC-related Dilated cardiomyopathy,Definitive,monoallelic_autosomal,Autosomal dominant,Typified by incomplete penetrance,loss of function,splice_acceptor_variant;splice_donor_variant;frameshift_variant;stop_gained;stop_gained_NMD_triggering;frameshift_variant_NMD_triggering,27601210;31627847;27206985;22020047;30067491;27908349;2843697;32154132;32160020;32150467,Cardiomyopathy expert panel,08.12.2021,31.03.2021,2022-04-25 12:45:00+00:00
FLNC,Hypertrophic Cardiomyopathy (HCM),Rare syndromic disorder with hypertrophic cardiomyopathy - isolated LVH,Syndromic ,FLNC-related Myofibrillar myopathy,Definitive,monoallelic_autosomal,Autosomal dominant,Typified by age-related onset,nan,missense_variant;inframe_deletion;stop_gained_NMD_escaping,31245841;26666891;21135393;25351925;15929027;30681346;27908349;32022900;32112656;20697107;19050726,Cardiomyopathy expert panel,12.01.2022,27.03.2021,2022-04-25 12:45:00+00:00
FXN,Hypertrophic Cardiomyopathy (HCM),Syndrome with hypertrophic cardiomyopathy - no isolated LVH,Syndromic ,FXN-related Friedreich ataxia,Definitive,biallelic_autosomal,Autosomal recessive,Typified by age-related onset,loss of function,splice_region_variant;start_lost;inframe_deletion;inframe_insertion;splice_donor_variant_NMD_triggering;frameshift_variant_NMD_triggering;splice_acceptor_variant_NMD_triggering;trinucleotide_repeat_expansion;exon_loss_variant;transcript_ablation,28405347;25566998;30681346;24705334;10633128;22409940;26704351;22691228,DDG2P team,13.01.2025,27.03.2021,2023-05-17 13:51:00+00:00
GAA,Hypertrophic Cardiomyopathy (HCM),Syndrome with hypertrophic cardiomyopathy - no isolated LVH,Syndromic ,GAA-related Pompe disease,Definitive,biallelic_autosomal,Autosomal recessive,nan,loss of function,splice_region_variant;splice_acceptor_variant_NMD_triggering;splice_donor_variant_NMD_triggering;start_lost;frameshift_variant_NMD_escaping;frameshift_variant_NMD_triggering;stop_gained_NMD_triggering;missense_variant;inframe_deletion;transcript_ablation;5_prime_UTR_variant,1680134;1856189;9668092;14643388;19588081;31254424;9535769;8094613;1652892;7717400;20882352;30681346;21484825;11991748;7981676;10973860;28185884;31342611;4286143;17056254;3108320,DDG2P team,13.01.2025,27.03.2021,2023-05-17 13:51:00+00:00
GLA,Hypertrophic Cardiomyopathy (HCM),Rare syndromic disorder with hypertrophic cardiomyopathy - isolated LVH,Syndromic ,GLA-related Fabry disease,Definitive,monoallelic_X_hem,X-linked recessive,nan,nan,splice_acceptor_variant;splice_donor_variant;frameshift_variant;stop_gained;missense_variant;inframe_deletion;intron_variant;inframe_insertion;stop_gained_NMD_triggering;splice_donor_variant_NMD_triggering;frameshift_variant_NMD_triggering;splice_acceptor_variant_NMD_triggering,34776082;30988410;18940466;6023233;27560961;26937390;34576250;32640076;2539398;11322659,Cardiomyopathy expert panel,24.11.2021,15.11.2021,2022-04-25 12:45:00+00:00
JUP,Arrhythmogenic right ventricular cardiomyopathy (ARVC),Rare familial disorder with ARVC,NA,JUP-related Naxos disease,Strong,biallelic_autosomal,Autosomal recessive,nan,nan,missense_variant;inframe_deletion;frameshift_variant_NMD_escaping,25820315;21320868;25705887;17924338;10902626;11691526;20031617;21673311;32966140;8858175;20130592;28098346;15851108;8954745;31402444,Cardiomyopathy expert panel,05.01.2022,12.12.2021,2022-04-25 12:45:00+00:00
KCNE1,Long QT Syndrome (LQTS),Syndromic QT prolongation and cardiac arrhythmias,NA,KCNE1-related Jervell and Lange-Nielsen syndrome 2,Moderate,biallelic_autosomal,Autosomal recessive,nan,nan,missense_variant;inframe_deletion;inframe_insertion;stop_gained_NMD_escaping,30461122;9354783;NBK1405;31941373;9445165;9328483;10973849;19716085;16461811,Channelopathy expert panel,30.08.2021,01.08.2021,2024-03-27 10:43:00+00:00
KCNH2,Short QT Syndrome (SQTS),Classic SQTS,NA,KCNH2-related Short QT syndrome,Definitive,monoallelic_autosomal,Autosomal dominant,nan,nan,missense_variant,29876509;21130771;30582453;30175559;29759541;29016797;9547387;18692916;14676148;25974115;7889573;30947366;30496390;19088443;30571592;7736582;29574456;21310316;15673388;15828882;31049424;28491588;25335996;19340359;31072576,Channelopathy expert panel,21.07.2021,21.07.2021,2022-04-25 12:45:00+00:00
KCNH2,Long QT Syndrome (LQTS),Familial Long QT Syndrome,NA,KCNH2-related Long QT syndrome,Definitive,monoallelic_autosomal,Autosomal dominant,Typified by incomplete penetrance,nan,splice_acceptor_variant;splice_donor_variant;frameshift_variant;stop_gained;missense_variant;inframe_deletion;inframe_insertion;stop_gained_NMD_triggering;frameshift_variant_NMD_triggering;exon_loss_variant;duplication,21185501;18774102;22995932;10841244;27262388;29504689;19841300;31983240;24932360;15840476;25417810;26320108;19926013;21185499;29650123;32893267;27761161;10491368;12621127;21787999;19716085;9927399,Channelopathy expert panel,16.06.2021,14.10.2020,2022-04-25 12:45:00+00:00
KCNJ2,Short QT Syndrome (SQTS),Classic SQTS,NA,KCNJ2 relared Short QT syndrome,Moderate,monoallelic_autosomal,Autosomal dominant,nan,nan,missense_variant,19710529;23440193;24794859;11410627;15761194;22155372;29615871;19285083;2479485,Channelopathy expert panel,21.07.2021,21.07.2021,2022-04-25 12:45:00+00:00
KCNJ2,Long QT Syndrome (LQTS),Syndromic QT prolongation and cardiac arrhythmias,NA,KCNJ2-related Andersen-related Tawil syndrome,Definitive,monoallelic_autosomal,Autosomal dominant,nan,nan,missense_variant;inframe_deletion;inframe_insertion;stop_gained_NMD_escaping,12163457;16217063;11371347;32299589;21493816;31983240;21148745;32947483;32499698;32843460,Channelopathy expert panel,16.06.2021,01.05.2021,2022-04-27 14:22:00+00:00
KCNQ1,Short QT Syndrome (SQTS),Classic SQTS,NA,KCNQ1-related Short QT syndrome,Strong,monoallelic_autosomal,Autosomal dominant,nan,gain of function,missense_variant,28491751;16109388;24380499;26279191;29213224;15159330;26168993;25974115;8900283;28491547;26346102;8528244,Channelopathy expert panel,21.07.2021,21.07.2021,2022-04-25 12:45:00+00:00
KCNQ1,Long QT Syndrome (LQTS),Familial Long QT Syndrome,NA,KCNQ1-related Long QT syndrome,Definitive,monoallelic_autosomal,Autosomal dominant,Typified by incomplete penetrance,nan,splice_acceptor_variant;splice_donor_variant;frameshift_variant;stop_gained;missense_variant;inframe_deletion;inframe_insertion;stop_gained_NMD_triggering;frameshift_variant_NMD_triggering;exon_loss_variant;tandem_duplication,27041150;23591039;9020846;27868350;23392653;31983240;11226272;25187895,Channelopathy expert panel,16.06.2021,01.11.2020,2022-04-25 12:45:00+00:00
KCNQ1,Long QT Syndrome (LQTS),Familial Long QT Syndrome,NA,KCNQ1-related Long QT syndrome,Definitive,biallelic_autosomal,Autosomal recessive,Typified by incomplete penetrance,nan,splice_acceptor_variant;splice_donor_variant;frameshift_variant;stop_gained;missense_variant;inframe_deletion;inframe_insertion;stop_gained_NMD_triggering;frameshift_variant_NMD_triggering;exon_loss_variant;tandem_duplication,27041150;23591039;9020846;27868350;23392653;31983240;11226272;25187895,Channelopathy expert panel,16.06.2021,01.11.2020,2022-04-25 12:45:00+00:00
KCNQ1,Long QT Syndrome (LQTS),Syndromic QT prolongation and cardiac arrhythmias,NA,KCNQ1-related Jervell and Lange-Nielsen syndrome,Definitive,biallelic_autosomal,Autosomal recessive,nan,nan,splice_acceptor_variant;splice_donor_variant;frameshift_variant;stop_gained;missense_variant;stop_gained_NMD_triggering;frameshift_variant_NMD_triggering;exon_loss_variant;complex_structural_alteration,27041150;23591039;9020846;27868350;23392653;31983240;11226272;25187895,Channelopathy expert panel,16.06.2021,01.05.2021,2022-04-25 12:45:00+00:00
LAMP2,Hypertrophic Cardiomyopathy (HCM),Rare syndromic disorder with hypertrophic cardiomyopathy - isolated LVH,Syndromic ,LAMP2-related Danon disease,Definitive,monoallelic_X_het,X-linked dominant,Typified by age-related onset,nan,splice_region_variant;start_lost;missense_variant;stop_gained_NMD_triggering;splice_donor_variant_NMD_triggering;frameshift_variant_NMD_triggering;splice_acceptor_variant_NMD_triggering,19057086;30681346;19588270;20173215;10972294;15673802;30857840;15907287;16217705,Cardiomyopathy expert panel,12.01.2022,27.03.2021,2022-04-25 12:45:00+00:00
LMNA,Dilated Cardiomyopathy (DCM),Familial dilated cardiomyopathy,NA,LMNA-related Dilated cardiomyopathy,Definitive,monoallelic_autosomal,Autosomal dominant,Typified by age-related onset,nan,frameshift_variant;missense_variant;stop_gained_NMD_triggering;splice_donor_variant_NMD_triggering;splice_acceptor_variant_NMD_triggering;exon_loss_variant,11897440;20127487;29367541;28912180;10662742;12854972;10580070;31983221;18926329;29095976;12920062,Cardiomyopathy expert panel,08.12.2021,30.03.2021,2022-04-25 12:45:00+00:00
MYBPC3,Hypertrophic Cardiomyopathy (HCM),Familial hypertrophic cardiomyopathy,Non-syndromic,MYBPC3-related Hypertrophic cardiomyopathy,Definitive,monoallelic_autosomal,Autosomal dominant,Typified by incomplete penetrance,nan,splice_region_variant;splice_acceptor_variant;splice_donor_variant;frameshift_variant;stop_gained;missense_variant;inframe_deletion;intron_variant;inframe_insertion;stop_gained_NMD_triggering;splice_donor_variant_NMD_triggering;frameshift_variant_NMD_triggering;splice_acceptor_variant_NMD_triggering;exon_loss_variant,25611685;32163302;30696458;28912181;27532257;7493025;31877118;17937428;29300372;32841044;20624503;28007147;22057632;12707239;18467358;32731933;26573135;32396390;19151713,Cardiomyopathy expert panel,10.11.2021,10.10.2021,2022-04-25 12:45:00+00:00
MYH7,Dilated Cardiomyopathy (DCM),Familial dilated cardiomyopathy,NA,MYH7-related Dilated cardiomyopathy,Definitive,monoallelic_autosomal,Autosomal dominant,Typified by incomplete penetrance,nan,missense_variant,29093449;29666183;11106718;31983221;29300372,Cardiomyopathy expert panel,08.12.2021,31.03.2021,2022-04-25 12:45:00+00:00
MYH7,Hypertrophic Cardiomyopathy (HCM),Familial hypertrophic cardiomyopathy,Non-syndromic,MYH7-related Hypertrophic cardiomyopathy,Definitive,monoallelic_autosomal,Autosomal dominant,Typified by incomplete penetrance,nan,missense_variant;inframe_deletion;stop_gained_NMD_escaping,25611685;20359594;34460321;30696458;25209314;27532257;1552912;29300372;15856146;1944483;30924982;1975517;33500567;12788380;30681346;32731933;27247418,Cardiomyopathy expert panel,10.11.2021,10.10.2021,2022-04-26 11:53:00+00:00
MYL2,Hypertrophic Cardiomyopathy (HCM),Familial hypertrophic cardiomyopathy,Non-syndromic,MYL2-related Hypertrophic cardiomyopathy,Definitive,monoallelic_autosomal,Autosomal dominant,nan,nan,missense_variant,25611685;25324513;28912181;30696458;8673105;32453731;16076902;12404107;9535554;32731933;24111713;16837010;23365102;28007147,Cardiomyopathy expert panel,10.11.2021,10.10.2021,2022-04-25 12:45:00+00:00
MYL3,Hypertrophic Cardiomyopathy (HCM),Familial hypertrophic cardiomyopathy,Non-syndromic,MYL3-related Hypertrophic cardiomyopathy,Definitive,monoallelic_autosomal,Autosomal dominant,nan,nan,missense_variant,25611685;12021217;20031618;22957257;8673105;30696458;26443374;28369730;33288880;29914921,Cardiomyopathy expert panel,24.11.2021,10.10.2021,2022-04-25 12:45:00+00:00
MYO6,Hypertrophic Cardiomyopathy (HCM),Syndrome with hypertrophic cardiomyopathy - no isolated LVH,Syndromic ,MYO6-related nonsyndromic genetic hearing loss with left ventricular hypertrophy,Moderate,monoallelic_autosomal,Autosomal dominant,Typified by age-related onset,nan,splice_acceptor_variant;splice_donor_variant;frameshift_variant;stop_gained;missense_variant,26265212;15060111;30681346;18348273;23485424;12687499;25999546;24105371,DDG2P team,13.01.2025,27.03.2021,2023-05-17 13:51:00+00:00
MYO6,Hypertrophic Cardiomyopathy (HCM),Syndrome with hypertrophic cardiomyopathy - no isolated LVH,Syndromic ,MYO6-related nonsyndromic genetic hearing loss with left ventricular hypertrophy,Moderate,biallelic_autosomal,Autosomal recessive,Typified by age-related onset,nan,splice_acceptor_variant;splice_donor_variant;frameshift_variant;stop_gained;missense_variant,26265212;15060111;30681346;18348273;23485424;12687499;25999546;24105371,DDG2P team,13.01.2025,27.03.2021,2023-05-17 13:52:00+00:00
PKP2,Arrhythmogenic right ventricular cardiomyopathy (ARVC),Familial isolated arrhythmogenic cardiomyopathy,NA,PKP2-related Arrhythmogenic right ventricular cardiomyopathy,Definitive,monoallelic_autosomal,Autosomal dominant,Typified by incomplete penetrance,nan,splice_region_variant;splice_acceptor_variant;splice_donor_variant;frameshift_variant;stop_gained;missense_variant;deletion;duplication,17041889;25616645;33831308;23736219;24070718;22781308;20301310;24704780;30619891;28740174;17010805;21636032;30830208;34120153,Cardiomyopathy expert panel,05.01.2022,14.12.2021,2022-04-25 12:45:00+00:00
PLN,Hypertrophic Cardiomyopathy (HCM),Familial hypertrophic cardiomyopathy,Non-syndromic,PLN-related Intrinsic Cardiomyopathy,Definitive,monoallelic_autosomal,Autosomal dominant,Typified by incomplete penetrance,nan,frameshift_variant;stop_gained;missense_variant;inframe_deletion;exon_loss_variant,16432188;12639993;33020536;21167350,Cardiomyopathy expert panel,24.11.2021,17.11.2021,2022-04-25 12:45:00+00:00
PLN,Dilated Cardiomyopathy (DCM),Familial dilated cardiomyopathy,NA,PLN-related Intrinsic Cardiomyopathy,Definitive,monoallelic_autosomal,Autosomal dominant,Typified by incomplete penetrance,nan,frameshift_variant;stop_gained;missense_variant;inframe_deletion;exon_loss_variant,16432188;12639993;33020536;21167350,Cardiomyopathy expert panel,24.11.2021,17.11.2021,2022-04-25 12:45:00+00:00
PRKAG2,Hypertrophic Cardiomyopathy (HCM),Rare syndromic disorder with hypertrophic cardiomyopathy - isolated LVH,Syndromic ,PRKAG2-related cardiomyopathy,Definitive,monoallelic_autosomal,Autosomal dominant,nan,nan,missense_variant;inframe_insertion,28009297;11371514;26729852;12015471;32646569;32259713;32646570,Cardiomyopathy expert panel,24.11.2021,20.11.2021,2022-04-25 12:45:00+00:00
PTPN11,Hypertrophic Cardiomyopathy (HCM),Rare syndromic disorder with hypertrophic cardiomyopathy - isolated LVH,Syndromic ,PTPN11-related Noonan syndrome,Definitive,monoallelic_autosomal,Autosomal dominant,nan,nan,missense_variant;inframe_deletion,15521065;21533187;24739123;16358218;30681346;25974318;15240615;14974085;18348260;21269411;11992261;19760651;23312968,Cardiomyopathy expert panel,12.01.2022,27.03.2021,2022-05-25 11:23:00+00:00
PTPN11,Hypertrophic Cardiomyopathy (HCM),Rare syndromic disorder with hypertrophic cardiomyopathy - isolated LVH,Syndromic ,PTPN11-related Noonan syndrome with multiple lentigines,Definitive,monoallelic_autosomal,Autosomal dominant,nan,nan,missense_variant,16377799;15121796;12161596;16358218;12058348;33354767;11992261;17697839,Cardiomyopathy expert panel,12.01.2022,27.03.2021,2022-05-25 11:23:00+00:00
RAF1,Hypertrophic Cardiomyopathy (HCM),Rare syndromic disorder with hypertrophic cardiomyopathy - isolated LVH,Syndromic ,RAF1-related Noonan syndrome,Definitive,monoallelic_autosomal,Autosomal dominant,nan,nan,missense_variant;inframe_deletion,29271604;17603483;30681346;25974318;17603482;22786616;24782337;30762279,Cardiomyopathy expert panel,12.01.2022,27.03.2021,2022-05-25 11:23:00+00:00
RBM20,Dilated Cardiomyopathy (DCM),Familial dilated cardiomyopathy,NA,RBM20-related Dilated cardiomyopathy,Definitive,monoallelic_autosomal,Autosomal dominant,Typified by incomplete penetrance,nan,missense_variant;stop_gained_NMD_triggering,30871351;25979592;29367541;19712804;29895960;32851336;22466703;29650543;26084686;20590677;27496873;30871348;22004663;21846512;32789749,Cardiomyopathy expert panel,08.12.2021,31.03.2021,2022-04-25 12:45:00+00:00
RIT1,Hypertrophic Cardiomyopathy (HCM),Rare syndromic disorder with hypertrophic cardiomyopathy - isolated LVH,Syndromic ,RIT1-related Noonan syndrome,Definitive,monoallelic_autosomal,Autosomal dominant,nan,nan,missense_variant,26446362;27101134;30681346;25959749;23791108,Cardiomyopathy expert panel,12.01.2022,27.03.2021,2022-05-25 11:23:00+00:00
RYR2,Catecholaminergic polymorphic ventricular tachycardia (CPVT),Classic CPVT phenotype,NA,RYR2-related Catecholaminergic polymorphic ventricular tachycardia,Definitive,monoallelic_autosomal,Autosomal dominant,Typified by incomplete penetrance,nan,missense_variant;exon_loss_variant,31112425;30696458;11208676;24394973;17081562;12093772;17875969;29453246;19216760;23479668;26018045,Channelopathy expert panel,19.05.2021,08.01.2021,2022-05-25 11:23:00+00:00
SCN5A,Brugada Syndrome (BrS),Brugada Syndrome,NA,SCN5A-related Brugada syndrome,Definitive,monoallelic_autosomal,Autosomal dominant,Typified by incomplete penetrance,nan,splice_region_variant;splice_acceptor_variant;splice_donor_variant;missense_variant;inframe_deletion;inframe_insertion;stop_gained_NMD_triggering;frameshift_variant_NMD_triggering,32850980;9521325;20564468;32533946;20031634;17075016;17442746;25905440;11748104;20129283;29959160;33164571;33131149;25829473;30203441;32893267;29798782;39391988,Channelopathy expert panel,21.07.2021,29.01.2021,2022-04-25 12:45:00+00:00
SCN5A,Long QT Syndrome (LQTS),Familial Long QT Syndrome,NA,SCN5A-related Long QT syndrome,Definitive,monoallelic_autosomal,Autosomal dominant,Typified by incomplete penetrance,nan,missense_variant;inframe_deletion;inframe_insertion,21185501;15840476;27566755;26320108;22995932;7889574;29650123;31983240;32893267;11463728;29798782;21787999;9927399;29806494;19716085,Channelopathy expert panel,16.06.2021,14.10.2020,2022-04-25 12:45:00+00:00
SCN5A,Dilated Cardiomyopathy (DCM),Familial dilated cardiomyopathy,NA,SCN5A-related Dilated cardiomyopathy,Definitive,monoallelic_autosomal,Autosomal dominant,nan,nan,missense_variant;stop_gained_NMD_triggering,15671429;27532257;26916278;15466643;19808398;21596231;22675453;22999724;30847666,Cardiomyopathy expert panel,01.02.2022,06.08.2021,2024-03-20 10:19:00+00:00
SLC22A5,Short QT Syndrome (SQTS),Syndrome including shortened QT and cardiac arrhythmias,NA,SLC22A5-related primary systemic carnitine deficiency,Definitive,biallelic_autosomal,Autosomal recessive,nan,nan,missense_variant,31472821;3009296;26190315,Channelopathy expert panel,21.07.2021,21.07.2021,2022-04-25 12:45:00+00:00
SLC25A4,Hypertrophic Cardiomyopathy (HCM),Syndrome with hypertrophic cardiomyopathy - no isolated LVH,Syndromic ,SLC25A4-related Mitochondrial disease,Definitive,biallelic_autosomal,Autosomal recessive,nan,loss of function,splice_donor_variant;missense_variant;frameshift_variant_NMD_triggering,22187496;30013777;16155110;23401503;25732997;27693233,DDG2P team,13.01.2025,11.11.2021,2023-05-17 13:52:00+00:00
SLC4A3,Short QT Syndrome (SQTS),Classic SQTS,NA,SLC4A3-related Short QT syndrome,Moderate,monoallelic_autosomal,Autosomal dominant,nan,nan,missense_variant,29167417,Channelopathy expert panel,21.07.2021,21.07.2021,2022-04-25 12:45:00+00:00
TECRL,Catecholaminergic polymorphic ventricular tachycardia (CPVT),Atypical CPVT phenotype,NA,TECRL-related Catecholaminergic polymorphic ventricular tachycardia,Definitive,biallelic_autosomal,Autosomal recessive,nan,loss of function,missense_variant;stop_gained_NMD_triggering;splice_donor_variant_NMD_triggering;exon_loss_variant,33367594;30790670;32173957;27861123,Channelopathy expert panel,19.05.2021,08.01.2021,2022-04-25 12:45:00+00:00
TMEM43,Arrhythmogenic right ventricular cardiomyopathy (ARVC),Familial isolated arrhythmogenic cardiomyopathy,NA,TMEM43-related Arrhythmogenic right ventricular cardiomyopathy,Definitive,monoallelic_autosomal,Autosomal dominant,nan,nan,missense_variant,25343256;29980933;33831308;32062046;20301310;22725725;18313022;23812740;21214875;24598986;21391237,Cardiomyopathy expert panel,05.01.2022,14.12.2021,2022-04-25 12:45:00+00:00
TNNC1,Dilated Cardiomyopathy (DCM),Familial dilated cardiomyopathy,NA,TNNC1-related Dilated cardiomyopathy,Definitive,monoallelic_autosomal,Autosomal dominant,nan,nan,missense_variant,18212018;19808376;32038292;1554228;27532257;17021793;17977476;18803402;20458010;27604170,Cardiomyopathy expert panel,08.12.2021,31.03.2021,2022-04-25 12:45:00+00:00
TNNC1,Hypertrophic Cardiomyopathy (HCM),Familial hypertrophic cardiomyopathy,Non-syndromic,TNNC1-related Hypertrophic cardiomyopathy,Definitive,monoallelic_autosomal,Autosomal dominant,nan,nan,missense_variant;frameshift_NMD_escaping,11385718;18572189;21262074;22815480;26779504;28771489;29121657;29255176;30775854;34317385;33658040;34488226;39971408,ClinGen HCVD GCEP,17.03.2025,12.10.2024,
TNNI3,Hypertrophic Cardiomyopathy (HCM),Familial hypertrophic cardiomyopathy,Non-syndromic,TNNI3-related Hypertrophic cardiomyopathy,Definitive,monoallelic_autosomal,Autosomal dominant,Typified by incomplete penetrance,nan,missense_variant;inframe_deletion,21415410;25611685;30696458;28912181;32731933;23270746;9241277;21839045;15607392;26440512,Cardiomyopathy expert panel,24.11.2021,10.10.2021,2022-04-25 12:45:00+00:00
TNNT2,Dilated Cardiomyopathy (DCM),Familial dilated cardiomyopathy,NA,TNNT2-related Dilated cardiomyopathy,Definitive,monoallelic_autosomal,Autosomal dominant,nan,nan,missense_variant,11106718;29367541;27532257;15542288;20978592;20031601,Cardiomyopathy expert panel,08.12.2021,31.03.2021,2022-04-25 12:45:00+00:00
TNNT2,Hypertrophic Cardiomyopathy (HCM),Familial hypertrophic cardiomyopathy,Non-syndromic,TNNT2-related Hypertrophic cardiomyopathy,Definitive,monoallelic_autosomal,Autosomal dominant,Typified by incomplete penetrance,nan,missense_variant;inframe_deletion;stop_gained_NMD_escaping;splice_donor_variant_NMD_escaping,25611685;22144547;12707239;28973951;30696458;28912181;8205619;30578328;32731933;7898523;11034944;28007147;10965086,Cardiomyopathy expert panel,24.11.2021,10.10.2021,2022-04-27 14:22:00+00:00
TPM1,Hypertrophic Cardiomyopathy (HCM),Familial hypertrophic cardiomyopathy,Non-syndromic,TPM1-related Hypertrophic cardiomyopathy,Definitive,monoallelic_autosomal,Autosomal dominant,Typified by incomplete penetrance,nan,missense_variant,12860912;7898523;8205619;24005378,Cardiomyopathy expert panel,24.11.2021,10.10.2021,2022-04-25 12:45:00+00:00
TRDN,Catecholaminergic polymorphic ventricular tachycardia (CPVT),Atypical CPVT phenotype,NA,TRDN-related Catecholaminergic polymorphic ventricular tachycardia,Definitive,biallelic_autosomal,Autosomal recessive,nan,loss of function,missense_variant;stop_gained_NMD_triggering;frameshift_variant_NMD_triggering;exon_loss_variant,25922419;26768964;22422768;30479949;26200674,Channelopathy expert panel,19.05.2021,08.01.2021,2022-04-25 12:45:00+00:00
TRDN,Long QT Syndrome (LQTS),Long QT syndrome with an atypical presentation,NA,TRDN-related Long QT syndrome,Strong,biallelic_autosomal,Autosomal recessive,nan,loss of function,frameshift_variant_NMD_triggering,30649896;22422768;32402482;25922419;26768964;31983240;30479949;31437535;26200674,Channelopathy expert panel,16.06.2021,04.11..2020,2022-04-25 12:45:00+00:00
TTN,Dilated Cardiomyopathy (DCM),Familial dilated cardiomyopathy,NA,TTN-related Dilated cardiomyopathy,Definitive,monoallelic_autosomal,Autosomal dominant,Typified by incomplete penetrance; Typified by age-related onset,nan,splice_acceptor_variant;splice_donor_variant;frameshift_variant;stop_gained;missense_variant;stop_gained_NMD_triggering;frameshift_variant_NMD_triggering;exon_loss_variant,23418287;9826585;9817758;25759365;19789381;25589632;32160020;31849696;18765796;28045975;27625337;11788824;37253077;29316444;27869827;29238064;26084686;32013205;26315439;22335739,Cardiomyopathy expert panel,08.12.2021,31.03.2021,2022-04-25 12:45:00+00:00
TTR,Hypertrophic Cardiomyopathy (HCM),Rare syndromic disorder with hypertrophic cardiomyopathy - isolated LVH,Syndromic ,TTR-related hereditary ATTR amyloidosis,Definitive,monoallelic_autosomal,Autosomal dominant,Typified by incomplete penetrance,nan,missense_variant;inframe_deletion;inframe_insertion,32969287;25604431;9191784;28213611;15185500;29941560;30328212;15930086,Cardiomyopathy expert panel,12.01.2022,11.11.2021,2024-03-26 10:43:00+00:00
ACTC1,Dilated Cardiomyopathy (DCM),Familial dilated cardiomyopathy,NA,ACTC1-related Dilated cardiomypathy,Moderate,monoallelic_autosomal,Autosomal dominant,nan,nan,nan,nan,nan,nan,nan,
JPH2,Dilated Cardiomyopathy (DCM),Familial dilated cardiomyopathy,NA,JPH2-related Dilated cardiomyopathy,Moderate,monoallelic_autosomal,Autosomal dominant,nan,nan,nan,nan,nan,nan,nan,
NEXN,Dilated Cardiomyopathy (DCM),Familial dilated cardiomyopathy,NA,NEXN-related Dilated cardiomyopathy,Moderate,monoallelic_autosomal,Autosomal dominant,nan,nan,nan,nan,nan,nan,nan,
TNNI3,Dilated Cardiomyopathy (DCM),Familial dilated cardiomyopathy,NA,TNNI3-related Dilated cardiomyopathy,Moderate,monoallelic_autosomal,Autosomal dominant,nan,nan,nan,nan,nan,nan,nan,
TPM1,Dilated Cardiomyopathy (DCM),Familial dilated cardiomyopathy,NA,TPM1-related Dilated cardiomyopathy,Moderate,monoallelic_autosomal,Autosomal dominant,nan,nan,nan,nan,nan,nan,nan,
VCL,Dilated Cardiomyopathy (DCM),Familial dilated cardiomyopathy,NA,VCL-related Dilated cardiomyopathy,Moderate,monoallelic_autosomal,Autosomal dominant,nan,nan,nan,nan,nan,nan,nan,
JPH2,Hypertrophic Cardiomyopathy (HCM),Familial hypertrophic cardiomyopathy,Non-syndromic,JPH2-related Hypertrophic cardiomyopathy,Moderate,monoallelic_autosomal,Autosomal dominant,nan,nan,nan,nan,nan,nan,nan,
TRIM63,Hypertrophic Cardiomyopathy (HCM),Familial hypertrophic cardiomyopathy,Non-syndromic,TRIM63-related Hypertrophic cardiomyopathy,Moderate,biallelic_autosomal,Autosomal recessive,nan,nan,nan,nan,nan,nan,nan,
MT-TI,Hypertrophic Cardiomyopathy (HCM),Familial hypertrophic cardiomyopathy,Non-syndromic,MT-TI-related Hypertrophic cardiomyopathy,Moderate,mitochondrial,Mitochondrial,nan,nan,nan,nan,nan,nan,nan,
KLHL24,Hypertrophic Cardiomyopathy (HCM),Familial hypertrophic cardiomyopathy,Non-syndromic,KLHL24-related Hypertrophic cardiomyopathy,Moderate,biallelic_autosomal,Autosomal recessive,nan,nan,nan,nan,nan,nan,nan,
DES,Arrhythmogenic right ventricular cardiomyopathy (ARVC),Familial isolated arrhythmogenic cardiomyopathy,NA,DES-related Arrhythmogenic right ventricular cardiomyopathy,Moderate,monoallelic_autosomal,Autosomal dominant,nan,nan,nan,nan,nan,nan,nan,
PLN,Arrhythmogenic right ventricular cardiomyopathy (ARVC),Familial isolated arrhythmogenic cardiomyopathy,NA,PLN -related Arrhythmogenic right ventricular cardiomyopathy,Moderate,monoallelic_autosomal,Autosomal dominant,nan,nan,nan,nan,nan,nan,nan,
CACNA1C,Long QT Syndrome (LQTS),Familial Long QT Syndrome,NA,CACNA1C-related Long QT syndrome,Moderate,monoallelic_autosomal,Autosomal dominant,nan,nan,nan,nan,nan,nan,nan,