cc_gene,cc_cdna,cc_disease,cc_class,rule_code,strength,source
MYH7,c.428G>A,HCM,Likely Pathogenic,PP1,supporting,clingen_curations (variant classified Likely Pathogenic)
MYH7,c.788T>C,HCM,Pathogenic,PP1,strong,clingen_curations (variant classified Pathogenic)
MYH7,c.1207C>T,HCM,Pathogenic,PP1,strong,clingen_curations (variant classified Pathogenic)
MYH7,c.1208G>A,HCM,Pathogenic,PS3,strong,clingen_curations (variant classified Pathogenic)
MYH7,c.1208G>A,HCM,Pathogenic,PP1,strong,clingen_curations (variant classified Pathogenic)
MYH7,c.1357C>T,HCM,Pathogenic,PS3,strong,clingen_curations (variant classified Pathogenic)
MYH7,c.1357C>T,HCM,Pathogenic,PP1,strong,clingen_curations (variant classified Pathogenic)
MYH7,c.1594T>C,HCM,Pathogenic,PS3,strong,clingen_curations (variant classified Pathogenic)
MYH7,c.1594T>C,HCM,Pathogenic,PP1,strong,clingen_curations (variant classified Pathogenic)
MYH7,c.1750G>C,HCM,Pathogenic,PP1,moderate,clingen_curations (variant classified Pathogenic)
MYH7,c.1988G>A,HCM,Pathogenic,PP1,strong,clingen_curations (variant classified Pathogenic)
MYH7,c.2146G>A,HCM,Pathogenic,PP1,strong,clingen_curations (variant classified Pathogenic)
MYH7,c.2155C>T,HCM,Pathogenic,PS3,strong,clingen_curations (variant classified Pathogenic)
MYH7,c.2155C>T,HCM,Pathogenic,PP1,strong,clingen_curations (variant classified Pathogenic)
MYH7,c.2156G>A,HCM,Pathogenic,PP1,strong,clingen_curations (variant classified Pathogenic)
MYH7,c.2167C>G,HCM,Pathogenic,PP1,strong,clingen_curations (variant classified Pathogenic)
MYH7,c.2167C>T,HCM,Pathogenic,PP1,strong,clingen_curations (variant classified Pathogenic)
MYH7,c.2167C>T,HCM,Pathogenic,BP2,supporting,clingen_curations (variant classified Pathogenic)
MYH7,c.2207T>C,HCM,Pathogenic,PP1,moderate,clingen_curations (variant classified Pathogenic)
MYH7,c.2221G>C,HCM,Pathogenic,PP1,supporting,clingen_curations (variant classified Pathogenic)
MYH7,c.2221G>T,HCM,Pathogenic,PP1,moderate,clingen_curations (variant classified Pathogenic)
MYH7,c.2360G>A,HCM,VUS,BP2,supporting,clingen_curations (variant classified VUS)
MYH7,c.2539_2541delAAG,HCM,Likely Pathogenic,PP1,supporting,clingen_curations (variant classified Likely Pathogenic)
MYH7,c.2609G>A,HCM,Pathogenic,PP1,strong,clingen_curations (variant classified Pathogenic)
MYH7,c.2678C>T,HCM,Likely Pathogenic,PP1,moderate,clingen_curations (variant classified Likely Pathogenic)
MYH7,c.2678C>T,HCM,Likely Pathogenic,BS4,strong,clingen_curations (variant classified Likely Pathogenic)
MYH7,c.2681A>G,HCM,Pathogenic,PP1,moderate,clingen_curations (variant classified Pathogenic)
MYH7,c.2717A>G,HCM,Pathogenic,PP1,strong,clingen_curations (variant classified Pathogenic)
MYH7,c.2722C>G,HCM,Pathogenic,PP1,strong,clingen_curations (variant classified Pathogenic)
MYH7,c.2791_2793delGAG,HCM,Likely Pathogenic,PP1,moderate,clingen_curations (variant classified Likely Pathogenic)
MYH7,c.3158G>A,HCM,Likely Pathogenic,PP1,moderate,clingen_curations (variant classified Likely Pathogenic)
MYH7,c.3658_3660delGAG,HCM,Likely Pathogenic,PP1,supporting,clingen_curations (variant classified Likely Pathogenic)
MYH7,c.3981C>A,HCM,VUS,BS4,strong,clingen_curations (variant classified VUS)
MYH7,c.4066G>A,HCM,Likely Pathogenic,PP1,moderate,clingen_curations (variant classified Likely Pathogenic)
MYH7,c.5135G>A,HCM,Likely Pathogenic,PP1,supporting,clingen_curations (variant classified Likely Pathogenic)
