te_id,te_band,te_psi,te_chr_start,te_chr_end,te_lrg_start,te_lrg_end,te_meta_start,te_meta_end,te_psi_dcm,te_psi_gtex,te_phase,te_symmetry,te_domain,te_ensembl_id
1,,100,179672150,179671939,28380,28591,,,100,100,,,,ENSE00001465556
2,Z-disk,100,179669382,179669279,31148,31251,1,91,100,100,1,A,Ig-like 1,ENSE00003502146
3,Z-disk,100,179667068,179666865,33462,33665,92,295,100,100,1,S,Ig-like 1,ENSE00003475359
4,Z-disk,100,179665409,179665122,35121,35408,296,583,100,100,1,S,Ig-like 2,ENSE00003499489
5,Z-disk,100,179664637,179664552,35893,35978,584,669,100,100,0,A,,ENSE00003644908
6,Z-disk,100,179664458,179664214,36072,36316,670,914,100,100,2,A,,ENSE00002209922
7,Z-disk,100,179659979,179659649,40551,40881,915,1245,100,100,0,A,,ENSE00002244613
8,Z-disk,100,179659278,179659126,41252,41404,1246,1398,100,100,0,S,Z-repeat 1,ENSE00002213186
9,Z-disk,100,179658268,179658131,42262,42399,1399,1536,100,100,0,S,Z-repeat 2,ENSE00002288737
10,Z-disk,100,179656924,179656799,43606,43731,1537,1662,100,100,0,S,Z-repeat 3,ENSE00002225610
11,Z-disk,57,179655572,179655435,44958,45095,1663,1800,51,63,0,S,Z-repeat 4,ENSE00002219569
12,Z-disk,80,179654842,179654705,45688,45825,1801,1938,79,75,0,S,Z-repeat 5,ENSE00002280741
13,Z-disk,98,179654224,179654087,46306,46443,1939,2076,96,95,0,S,Z-repeat 6,ENSE00002242444
14,Z-disk,100,179650868,179650575,49662,49955,2077,2370,100,100,0,S,Z-repeat 7,ENSE00002280664
15,Z-disk,100,179650469,179650347,50061,50183,2371,2493,99,99,0,S,,ENSE00002265596
16,near Z-disk,100,179649078,179648797,51452,51733,2494,2775,99,100,0,S,,ENSE00002275975
17,near Z-disk,100,179648512,179648447,52018,52083,2776,2841,99,100,0,S,,ENSE00002277462
18,near Z-disk,100,179647791,179647533,52739,52997,2842,3100,100,100,1,A,Ig-like 3,ENSE00002288113
19,near Z-disk,100,179647329,179647266,53201,53264,3101,3164,100,100,2,A,,ENSE00002282639
20,near Z-disk,100,179647154,179646939,53376,53591,3165,3380,100,100,2,S,Ig-like 4,ENSE00002234850
21,near Z-disk,100,179645990,179645848,54540,54682,3381,3523,100,100,1,A,Ig-like 4,ENSE00002260929
22,near Z-disk,100,179644932,179644727,55598,55803,3524,3729,100,100,0,A,,ENSE00002250593
23,near Z-disk,100,179644189,179643956,56341,56574,3730,3963,100,99,0,S,Ig-like 5,ENSE00002287803
24,near Z-disk,100,179643845,179643601,56685,56929,3964,4208,100,99,2,A,Ig-like 5,ENSE00002251827
25,near Z-disk,100,179642702,179642431,57828,58099,4209,4480,100,100,1,A,Ig-like 6,ENSE00002293729
26,near Z-disk,100,179642311,179642147,58219,58383,4481,4645,100,100,1,S,Ig-like 6,ENSE00002290249
27,near Z-disk,100,179642044,179641876,58486,58654,4646,4814,100,100,2,A,Ig-like 7,ENSE00002254853
28,near Z-disk / I-band,100,179641776,179640083,58754,60447,4815,6508,100,100,1,A,Ig-like 7/8/9/10,ENSE00002224222
29,I-band,100,179639929,179639648,60601,60882,6509,6790,100,100,1,S,Ig-like 11,ENSE00002231913
30,I-band,100,179639200,179638934,61330,61596,6791,7057,100,100,1,S,Ig-like 12,ENSE00002314968
31,I-band,100,179638837,179638565,61693,61965,7058,7330,100,100,1,S,Ig-like 13,ENSE00002291684
32,I-band,100,179638452,179638189,62078,62341,7331,7594,100,100,1,S,Ig-like 14,ENSE00002256304
33,I-band,100,179638096,179637836,62434,62694,7595,7855,100,100,1,S,,ENSE00002203109
34,I-band,100,179636198,179635938,64332,64592,7856,8116,100,100,1,S,Ig-like 15,ENSE00002288762
35,I-band,100,179635402,179635139,65128,65391,8117,8380,100,100,1,S,,ENSE00002248188
36,I-band,100,179635047,179634787,65483,65743,8381,8641,100,100,1,S,,ENSE00002302615
37,I-band,100,179634666,179634406,65864,66124,8642,8902,100,100,1,S,Ig-like 16,ENSE00002227375
38,I-band,100,179633660,179633400,66870,67130,8903,9163,100,100,1,S,Ig-like 17,ENSE00002250372
39,I-band,100,179632882,179632741,67648,67789,9164,9305,100,100,2,A,Ig-like 18,ENSE00002243045
40,I-band,100,179632651,179632486,67879,68044,9306,9471,100,100,0,A,Ig-like 18,ENSE00002314026
41,I-band,100,179631339,179631108,69191,69422,9472,9703,100,100,1,A,,ENSE00002284330
42,I-band,100,179629538,179629254,70992,71276,9704,9988,100,100,1,S,Ig-like 19,ENSE00002293150
43,I-band,100,179629029,179628904,71501,71626,9989,10114,100,100,1,S,Ig-like 20,ENSE00002252916
44,I-band,100,179623899,179623711,76631,76819,10115,10303,100,100,1,S,Ig-like 20,ENSE00002313844
45,,2,179622643,179622269,77887,78261,10304,10678,1,5,1,S,,ENSE00001236818
46,,7,179621524,179620949,79006,79581,10679,11254,4,14,1,S,,ENSE00001402797
47,I-band,100,179617907,179617851,82623,82679,11255,11311,100,100,1,S,,ENSE00002217137
48,,83,179616766,179610047,,,,,82,89,,A,,ENSE00001339816
49,I-band,99,179606648,179603868,93882,96662,11312,14092,100,95,1,S,Ig-like 21/22/23,ENSE00001328652
50,I-band,100,179603087,179602809,97443,97721,14093,14371,100,100,1,S,Ig-like 24,ENSE00002291163
51,I-band,39,179600801,179600238,99729,100292,14372,14935,33,46,1,S,Ig-like 25/26,ENSE00002282221
52,I-band,22,179599715,179599434,100815,101096,14936,15217,15,29,1,S,Ig-like 27,ENSE00002296916
53,I-band,15,179599333,179599055,101197,101475,15218,15496,10,23,1,S,Ig-like 28,ENSE00002235414
54,I-band,12,179598619,179598341,101911,102189,15497,15775,7,14,1,S,Ig-like 29,ENSE00002221438
55,I-band,10,179598244,179597966,102286,102564,15776,16054,6,13,1,S,Ig-like 30,ENSE00002274319
56,I-band,12,179597848,179597561,102682,102969,16055,16342,6,17,1,S,Ig-like 31,ENSE00002218429
57,I-band,11,179597445,179597167,103085,103363,16343,16621,7,16,1,S,Ig-like 32,ENSE00002246044
58,I-band,15,179597074,179596793,103456,103737,16622,16903,7,20,1,S,Ig-like 33,ENSE00002218872
59,I-band,15,179596698,179596420,103832,104110,16904,17182,8,21,1,S,Ig-like 34,ENSE00002218231
60,I-band,33,179596310,179596032,104220,104498,17183,17461,20,35,1,S,Ig-like 35,ENSE00002222439
61,I-band,47,179595930,179595652,104600,104878,17462,17740,35,51,1,S,Ig-like 36,ENSE00002262851
62,I-band,39,179595519,179595232,105011,105298,17741,18028,32,50,1,S,Ig-like 37,ENSE00002219811
63,I-band,12,179595098,179594820,105432,105710,18029,18307,6,16,1,S,Ig-like 38,ENSE00002289897
64,I-band,14,179594672,179594391,105858,106139,18308,18589,7,21,1,S,Ig-like 39,ENSE00002297410
65,I-band,13,179594293,179594015,106237,106515,18590,18868,8,22,1,S,Ig-like 40,ENSE00002219989
66,I-band,8,179593896,179593618,106634,106912,18869,19147,4,13,1,S,Ig-like 41,ENSE00002217189
67,I-band,11,179593505,179593227,107025,107303,19148,19426,7,18,1,S,Ig-like 42,ENSE00002228547
68,I-band,10,179593124,179592837,107406,107693,19427,19714,6,17,1,S,Ig-like 43,ENSE00002205916
69,I-band,12,179592590,179592312,107940,108218,19715,19993,6,19,1,S,Ig-like 44,ENSE00002213225
70,I-band,66,179592098,179591817,108432,108713,19994,20275,52,69,1,S,Ig-like 45,ENSE00002244088
71,I-band,54,179590773,179590495,109757,110035,20276,20554,46,61,1,S,Ig-like 46,ENSE00002319025
72,I-band,53,179590376,179590095,110154,110435,20555,20836,46,59,1,S,Ig-like 47,ENSE00002292392
73,I-band,35,179589265,179588987,111265,111543,20837,21115,26,49,1,S,Ig-like 48,ENSE00002254911
74,I-band,36,179588870,179588583,111660,111947,21116,21403,25,51,1,S,Ig-like 49,ENSE00002294211
75,I-band,41,179588423,179588145,112107,112385,21404,21682,34,55,1,S,Ig-like 50,ENSE00002290360
76,I-band,39,179588051,179587773,112479,112757,21683,21961,32,55,1,S,Ig-like 51,ENSE00002310869
77,I-band,56,179587664,179587386,112866,113144,21962,22240,56,76,1,S,Ig-like 52,ENSE00002204907
78,I-band,40,179587273,179586986,113257,113544,22241,22528,33,61,1,S,Ig-like 53,ENSE00002250285
79,I-band,47,179586861,179586574,113669,113956,22529,22816,35,65,1,S,Ig-like 54,ENSE00002270758
80,I-band,49,179585929,179585648,114601,114882,22817,23098,41,76,1,S,Ig-like 55,ENSE00002316014
81,I-band,50,179585390,179585112,115140,115418,23099,23377,41,75,1,S,Ig-like 56,ENSE00002322814
82,I-band,54,179584991,179584710,115539,115820,23378,23659,46,76,1,S,Ig-like 57,ENSE00002234590
83,I-band,55,179584559,179584281,115971,116249,23660,23938,48,77,1,S,Ig-like 58,ENSE00002293411
84,I-band,10,179584178,179583891,116352,116639,23939,24226,7,37,1,S,Ig-like 59,ENSE00002251308
85,I-band,8,179583700,179583422,116830,117108,24227,24505,3,29,1,S,Ig-like 60,ENSE00002272477
86,I-band,6,179583327,179583049,117203,117481,24506,24784,4,28,1,S,Ig-like 61,ENSE00002215710
87,I-band,6,179582948,179582670,117582,117860,24785,25063,4,35,1,S,Ig-like 62,ENSE00002227817
88,I-band,6,179582537,179582250,117993,118280,25064,25351,4,33,1,S,Ig-like 63,ENSE00002283786
89,I-band,11,179582109,179581822,118421,118708,25352,25639,8,37,1,S,Ig-like 64,ENSE00002264489
90,I-band,58,179580501,179580220,120029,120310,25640,25921,59,79,1,S,Ig-like 65,ENSE00002273672
91,I-band,61,179579991,179579713,120539,120817,25922,26200,54,81,1,S,Ig-like 66,ENSE00002250660
92,I-band,64,179579300,179579019,121230,121511,26201,26482,60,83,1,S,Ig-like 67,ENSE00002226172
93,I-band,68,179578902,179578624,121628,121906,26483,26761,62,85,1,S,Ig-like 68,ENSE00002296287
94,I-band,68,179578099,179577812,122431,122718,26762,27049,60,85,1,S,Ig-like 69,ENSE00002263863
95,I-band,68,179577702,179577424,122828,123106,27050,27328,64,85,1,S,Ig-like 70,ENSE00002209266
96,I-band,70,179577320,179577042,123210,123488,27329,27607,63,85,1,S,Ig-like 71,ENSE00002267930
97,I-band,70,179576949,179576671,123581,123859,27608,27886,61,84,1,S,Ig-like 72,ENSE00002259746
98,I-band,70,179576076,179575789,124454,124741,27887,28174,66,87,1,S,Ig-like 73,ENSE00002264829
99,I-band,74,179575649,179575362,124881,125168,28175,28462,66,87,1,S,Ig-like 74,ENSE00002208403
100,I-band,77,179574583,179574293,125947,126237,28463,28753,69,87,1,S,Ig-like 75,ENSE00002265461
101,I-band,81,179572540,179572253,127990,128277,28754,29041,72,90,1,S,Ig-like 76,ENSE00002269077
102,I-band,80,179571681,179571589,128849,128941,29042,29134,72,88,1,S,Ig-like 77,ENSE00002265076
103,I-band,82,179571466,179571181,129064,129349,29135,29420,75,89,2,A,Ig-like 77,ENSE00002291660
104,I-band,82,179570084,179569901,130446,130629,29421,29604,76,90,0,A,,ENSE00002278104
105,I-band,82,179569693,179569604,130837,130926,29605,29694,75,90,0,S,,ENSE00002289826
106,I-band,79,179569504,179569237,131026,131293,29695,29962,70,90,1,A,,ENSE00002295649
107,I-band,81,179569134,179568874,131396,131656,29963,30223,73,90,1,S,Ig-like 78,ENSE00002225382
108,I-band,82,179567390,179567181,133140,133349,30224,30433,74,91,1,S,Ig-like 79,ENSE00002530543
109,I-band,84,179566972,179566895,133558,133635,30434,30511,74,92,1,S,Ig-like 79,ENSE00002469691
110,I-band,85,179566793,179566767,133737,133763,30512,30538,74,91,1,S,,ENSE00002451269
111,I-band,87,179566314,179566255,134216,134275,30539,30598,80,93,1,S,,ENSE00002519033
112,I-band,87,179565930,179565847,134600,134683,30599,30682,82,93,1,S,,ENSE00002534190
113,I-band,85,179563641,179563570,136889,136960,30683,30754,80,91,1,S,,ENSE00002490700
114,I-band,83,179561895,179561848,138635,138682,30755,30802,75,90,1,S,,ENSE00002436853
115,I-band,84,179560996,179560592,139534,139938,30803,31207,74,85,1,S,,ENSE00002433764
116,I-band,83,179560137,179560075,140393,140455,31208,31270,75,88,1,S,,ENSE00002528953
117,I-band,75,179559633,179559556,140897,140974,31271,31348,63,85,1,S,,ENSE00002505442
118,I-band,74,179559403,179559326,141127,141204,31349,31426,59,85,1,S,,ENSE00002445463
119,I-band,66,179558735,179558649,141795,141881,31427,31513,57,79,1,S,,ENSE00002488853
120,I-band,63,179558416,179558336,142114,142194,31514,31594,56,79,1,S,,ENSE00002239511
121,I-band,64,179557307,179557224,143223,143306,31595,31678,58,79,1,S,PEVK 1,ENSE00002209806
122,I-band,58,179556826,179556743,143704,143787,31679,31762,54,76,1,S,PEVK 2,ENSE00002228389
123,I-band,83,179554623,179554540,145907,145990,31763,31846,78,88,1,S,PEVK 3,ENSE00002214478
124,I-band,29,179554322,179554242,146208,146288,31847,31927,22,45,1,S,PEVK 4,ENSE00002250539
125,I-band,33,179554100,179554017,146430,146513,31928,32011,25,46,1,S,PEVK 5,ENSE00002205022
126,I-band,22,179553863,179553780,146667,146750,32012,32095,15,37,1,S,PEVK 6,ENSE00002305171
127,I-band,24,179553505,179553404,147025,147126,32096,32197,15,33,1,S,,ENSE00002209822
128,I-band,38,179552951,179552838,147579,147692,32198,32311,28,47,1,S,,ENSE00002203237
129,I-band,46,179550325,179550245,150205,150285,32312,32392,28,48,1,S,,ENSE00002290304
130,I-band,27,179550057,179549980,150473,150550,32393,32470,9,38,1,S,,ENSE00002264329
131,I-band,17,179549716,179549633,150814,150897,32471,32554,10,25,1,S,PEVK7,ENSE00002220011
132,I-band,18,179549476,179549393,151054,151137,32555,32638,6,25,1,S,PEVK8,ENSE00002311283
133,I-band,15,179549140,179549057,151390,151473,32639,32722,10,21,1,S,,ENSE00002273722
134,I-band,19,179548809,179548726,151721,151804,32723,32806,12,25,1,S,PEVK9,ENSE00002310144
135,I-band,37,179548018,179547938,152512,152592,32807,32887,26,43,1,S,,ENSE00002324510
136,I-band,84,179547630,179547424,152900,153106,32888,33094,76,86,1,S,,ENSE00002305619
137,I-band,83,179546465,179546388,154065,154142,33095,33172,77,87,1,S,,ENSE00002237772
138,I-band,4,179546177,179546103,154353,154427,33173,33247,4,7,1,S,,ENSE00002297407
139,I-band,2,179545898,179545806,154632,154724,33248,33340,1,5,1,S,,ENSE00002257241
140,I-band,1,179545058,179544981,155472,155549,33341,33418,1,5,1,S,,ENSE00002232508
141,I-band,1,179544782,179544621,155748,155909,33419,33580,1,5,1,S,,ENSE00002220836
142,I-band,1,179544409,179544326,156121,156204,33581,33664,1,6,1,S,PEVK10,ENSE00002515886
143,I-band,2,179544143,179544066,156387,156464,33665,33742,2,6,1,S,PEVK11,ENSE00002259843
144,I-band,82,179543557,179543474,156973,157056,33743,33826,74,88,1,S,PEVK12,ENSE00002296852
145,I-band,80,179543224,179543141,157306,157389,33827,33910,69,83,1,S,PEVK13,ENSE00002206368
146,I-band,80,179542935,179542852,157595,157678,33911,33994,68,86,1,S,PEVK14,ENSE00002254827
147,I-band,2,179542644,179542348,157886,158182,33995,34291,2,10,1,S,,ENSE00002290559
148,,1,179542014,179541928,158516,158602,34292,34378,2,7,1,S,,ENSE00002785187
149,I-band,3,179540722,179540648,159808,159882,34379,34453,3,11,1,S,,ENSE00002209742
150,,1,179540481,179540398,160049,160132,34454,34537,1,5,1,S,,ENSE00002821339
151,I-band,20,179539840,179539766,160690,160764,34538,34612,20,21,1,S,,ENSE00002285023
152,I-band,77,179539136,179539041,161394,161489,34613,34708,54,79,1,S,,ENSE00002304490
153,I-band,68,179538437,179538360,162093,162170,34709,34786,48,75,1,S,,ENSE00002323432
154,I-band,16,179537430,179537362,163100,163168,34787,34855,10,27,1,S,,ENSE00002279381
155,I-band,3,179537208,179537134,163322,163396,34856,34930,3,14,1,S,,ENSE00002259583
156,I-band,3,179536994,179536698,163536,163832,34931,35227,2,11,1,S,,ENSE00002301537
157,I-band,6,179535897,179535817,164633,164713,35228,35308,5,16,1,S,PEVK15,ENSE00002447406
158,I-band,50,179535022,179534945,165508,165585,35309,35386,30,66,1,S,PEVK16,ENSE00002431933
159,,2,179534402,179534319,166128,166211,35387,35470,1,6,1,S,,ENSE00002499465
160,,1,179534174,179534100,166356,166430,35471,35545,1,7,1,S,,ENSE00002928040
161,,2,179532448,179532365,168082,168165,35546,35629,3,6,1,S,,ENSE00002945907
162,,2,179532252,179532169,168278,168361,35630,35713,2,5,1,S,,ENSE00002778077
163,,1,179532046,179531963,168484,168567,35714,35797,1,5,1,S,,ENSE00002858877
164,,1,179531628,179531551,168902,168979,35798,35875,0,5,1,S,,ENSE00001511801
165,,3,179530518,179530435,170012,170095,35876,35959,3,6,1,S,,ENSE00002930137
166,,2,179530187,179530104,170343,170426,35960,36043,3,5,1,S,,ENSE00001511800
167,,3,179529653,179529579,170877,170951,36044,36118,2,5,1,S,,ENSE00001511799
168,,2,179529464,179529381,171066,171149,36119,36202,3,9,1,S,,ENSE00002443715
169,,2,179529264,179529187,171266,171343,36203,36280,2,7,1,S,,ENSE00001511797
170,,3,179528825,179528742,171705,171788,36281,36364,2,8,1,S,,ENSE00002503185
171,,2,179528629,179528546,171901,171984,36365,36448,1,7,1,S,,ENSE00002469497
172,,2,179528437,179528354,172093,172176,36449,36532,1,5,1,S,,ENSE00003515890
173,,6,179528243,179528160,172287,172370,36533,36616,7,28,1,S,,ENSE00002751162
174,,4,179528076,179527993,172454,172537,36617,36700,3,10,1,S,,ENSE00002763838
175,I-band,73,179527782,179527693,172748,172837,36701,36790,51,51,1,S,,ENSE00002452717
176,,3,179527539,179527456,172991,173074,36791,36874,1,4,1,S,,ENSE00002810615
177,,5,179527343,179527260,173187,173270,36875,36958,6,5,1,S,,ENSE00002761458
178,,3,179527145,179527065,173385,173465,36959,37039,2,3,1,S,,ENSE00002825030
179,,5,179526949,179526869,173581,173661,37040,37120,1,4,1,S,,ENSE00002852676
180,,5,179526755,179526675,173775,173855,37121,37201,5,4,1,S,,ENSE00002831360
181,,2,179526569,179526486,173961,174044,37202,37285,2,1,1,S,,ENSE00002767327
182,I-band,16,179523982,179523899,176548,176631,37286,37369,8,11,1,S,PEVK17,ENSE00002523802
183,I-band,9,179523815,179523732,176715,176798,37370,37453,4,8,1,S,PEVK18,ENSE00002454830
184,,42,179523521,179523432,177009,177098,37454,37543,22,35,1,S,,ENSE00002862985
185,,8,179523278,179523195,177252,177335,37544,37627,1,3,1,S,,ENSE00002940926
186,,11,179523082,179522999,177448,177531,37628,37711,7,4,1,S,,ENSE00002961719
187,,8,179522884,179522804,177646,177726,37712,37792,5,3,1,S,,ENSE00002911976
188,,10,179522688,179522608,177842,177922,37793,37873,3,4,1,S,,ENSE00002960777
189,,8,179522494,179522414,178036,178116,37874,37954,7,4,1,S,,ENSE00002840432
190,,4,179522308,179522225,178222,178305,37955,38038,3,1,1,S,,ENSE00002949545
191,,9,179519722,179519639,180808,180891,38039,38122,4,12,1,S,,ENSE00002471163
192,,6,179519555,179519472,180975,181058,38123,38206,2,10,1,S,,ENSE00001744095
193,,28,179519261,179519172,181269,181358,38207,38296,13,42,1,S,,ENSE00002836035
194,,4,179519018,179518935,181512,181595,38297,38380,0,5,1,S,,ENSE00002759095
195,,9,179518822,179518739,181708,181791,38381,38464,5,8,1,S,,ENSE00002938148
196,,10,179518624,179518544,181906,181986,38465,38545,3,10,1,S,,ENSE00002771288
197,,12,179518428,179518348,182102,182182,38546,38626,2,8,1,S,,ENSE00002750222
198,,10,179518234,179518154,182296,182376,38627,38707,7,7,1,S,,ENSE00002834894
199,,5,179518048,179517965,182482,182565,38708,38791,3,5,1,S,,ENSE00002816759
200,,3,179517851,179517768,182679,182762,38792,38875,2,6,1,S,,ENSE00002922952
201,,4,179517658,179517575,182872,182955,38876,38959,0,3,1,S,,ENSE00002841497
202,,3,179517463,179517380,183067,183150,38960,39043,0,3,1,S,,ENSE00002962510
203,I-band,6,179517268,179517185,183262,183345,39044,39127,3,8,1,S,PEVK19,ENSE00002494297
204,I-band,15,179517074,179516991,183456,183539,39128,39211,8,25,1,S,PEVK20,ENSE00002492336
205,I-band,22,179516906,179516823,183624,183707,39212,39295,6,43,1,S,PEVK21,ENSE00002464071
206,I-band,25,179516694,179516611,183836,183919,39296,39379,5,49,1,S,,ENSE00002300978
207,I-band,22,179516476,179516393,184054,184137,39380,39463,8,39,1,S,,ENSE00002220534
208,I-band,22,179516263,179516180,184267,184350,39464,39547,9,32,1,S,PEVK 22,ENSE00002202585
209,I-band,25,179516047,179515970,184483,184560,39548,39625,10,36,1,S,,ENSE00002283431
210,I-band,23,179515561,179515478,184969,185052,39626,39709,7,34,1,S,PEVK 23,ENSE00002220552
211,I-band,12,179514998,179514891,185532,185639,39710,39817,7,25,1,S,PEVK 24,ENSE00002300936
212,I-band,13,179514621,179514544,185909,185986,39818,39895,8,24,1,S,PEVK 25,ENSE00002203845
213,,5,179514358,179514281,186172,186249,39896,39973,3,16,1,S,,ENSE00001690572
214,,3,179514058,179513975,186472,186555,39974,40057,2,18,1,S,,ENSE00001608285
215,,4,179512191,179512108,188339,188422,40058,40141,2,18,1,S,,ENSE00001734166
216,,2,179511871,179511791,188659,188739,40142,40222,1,10,1,S,,ENSE00001648884
217,,3,179511286,179511212,189244,189318,40223,40297,1,14,1,S,,ENSE00001666171
218,I-band,8,179510757,179510647,189773,189883,40298,40408,3,23,1,S,,ENSE00002238481
219,I-band,8,179509343,179509275,191187,191255,40409,40477,4,17,1,S,PEVK26,ENSE00002318158
220,I-band,100,179507044,179506964,193486,193566,40478,40558,100,96,1,S,PEVK27,ENSE00002292542
221,I-band,98,179506042,179505968,194488,194562,40559,40633,100,95,1,S,PEVK28,ENSE00002275387
222,I-band,100,179505357,179505268,195173,195262,40634,40723,100,95,1,S,,ENSE00002245689
223,I-band,100,179504837,179504775,195693,195755,40724,40786,100,95,1,S,PEVK29,ENSE00002713106
224,I-band,100,179504515,179504426,196015,196104,40787,40876,100,96,1,S,PEVK30,ENSE00002517014
225,I-band,73,179502146,179502096,198384,198434,40877,40927,79,73,1,S,PEVK31,ENSE00002219993
226,I-band,100,179501526,179501125,199004,199405,40928,41329,100,99,1,S,Ig-like 80,ENSE00002311505
227,I-band,100,179500968,179500690,199562,199840,41330,41608,100,99,1,S,Ig-like 81,ENSE00002269287
228,I-band,100,179500442,179500167,200088,200363,41609,41884,100,98,1,S,Ig-like 82,ENSE00002226235
229,I-band,100,179500031,179499892,200499,200638,41885,42024,100,98,0,A,,ENSE00002273595
230,I-band,100,179499576,179499450,200954,201080,42025,42151,100,97,1,A,,ENSE00002322024
231,I-band,100,179499356,179499093,201174,201437,42152,42415,100,98,1,S,,ENSE00002289485
232,I-band,100,179498810,179498544,201720,201986,42416,42682,100,98,1,S,Ig-like 83,ENSE00002312076
233,I-band,100,179498403,179498140,202127,202390,42683,42946,100,98,1,S,Ig-like 84,ENSE00002323886
234,I-band,100,179498053,179497914,202477,202616,42947,43086,100,97,0,A,,ENSE00002209957
235,I-band,100,179497771,179497645,202759,202885,43087,43213,100,97,1,A,,ENSE00002240435
236,I-band,100,179497519,179497253,203011,203277,43214,43480,100,98,1,S,Ig-like 85,ENSE00002218837
237,I-band,100,179497140,179496874,203390,203656,43481,43747,100,98,1,S,,ENSE00002205777
238,I-band,100,179496027,179495761,204503,204769,43748,44014,100,96,1,S,Ig-like 86,ENSE00002248061
239,I-band,100,179495670,179495531,204860,204999,44015,44154,100,96,0,A,,ENSE00002281113
240,I-band,100,179495094,179494968,205436,205562,44155,44281,100,96,1,A,,ENSE00002319532
241,I-band,100,179494170,179494028,206360,206502,44282,44424,100,96,0,A,Ig-like 87,ENSE00002240475
242,I-band,100,179490123,179490000,210407,210530,44425,44548,100,96,1,A,Ig-like 87,ENSE00002266656
243,I-band,47,179489458,179489192,211072,211338,44549,44815,59,69,1,S,Ig-like 88,ENSE00002217863
244,I-band,100,179487494,179487397,213036,213133,44816,44913,100,96,0,A,Ig-like 89,ENSE00002303983
245,I-band,100,179486735,179486567,213795,213963,44914,45082,100,96,1,A,Ig-like 89,ENSE00002204766
246,I-band,100,179486468,179486202,214062,214328,45083,45349,100,97,1,S,Ig-like 90,ENSE00002214752
247,I-band,100,179486095,179485829,214435,214701,45350,45616,100,96,1,S,Ig-like 91,ENSE00002234504
248,I-band,100,179485720,179485442,214810,215088,45617,45895,100,97,1,S,Ig-like 92,ENSE00002249778
249,I-band,100,179485352,179484944,215178,215586,45896,46304,100,96,2,A,Ig-like 93/94,ENSE00002288463
250,I-band,100,179484839,179484715,215691,215815,46305,46429,100,97,1,A,Ig-like 94,ENSE00002244839
251,I-band,100,179484614,179484348,215916,216182,46430,46696,100,97,1,S,,ENSE00002232767
252,I-band,100,179483580,179483311,216950,217219,46697,46966,100,89,1,S,Ig-like 95,ENSE00002232521
253,A-band,100,179483218,179482916,217312,217614,46967,47269,100,91,1,S,Fibronectin type-III 1,ENSE00002314727
254,A-band,100,179482808,179482506,217722,218024,47270,47572,100,92,1,S,Fibronectin type-III 2,ENSE00002221392
255,A-band,100,179482239,179482052,218291,218478,47573,47760,100,86,0,A,Fibronectin type-III 3,ENSE00002301507
256,A-band,100,179481961,179481847,218569,218683,47761,47875,100,84,1,A,Fibronectin type-III 3,ENSE00002308924
257,A-band,100,179481740,179481456,218790,219074,47876,48160,100,86,1,S,,ENSE00002262546
258,A-band,100,179481357,179481206,219173,219324,48161,48312,100,86,0,A,Fibronectin type-III 4,ENSE00002252112
259,A-band,100,179480515,179480368,220015,220162,48313,48460,100,85,1,A,Fibronectin type-III 4,ENSE00002261916
260,A-band,100,179480211,179480034,220319,220496,48461,48638,100,96,2,A,Fibronectin type-III 5,ENSE00002241338
261,A-band,100,179479695,179479574,220835,220956,48639,48760,100,82,1,A,Fibronectin type-III 5,ENSE00002314800
262,A-band,100,179479480,179479193,221050,221337,48761,49048,100,93,1,S,Ig-like 96,ENSE00002275083
263,A-band,100,179479075,179478779,221455,221751,49049,49345,100,96,1,S,Fibronectin type-III 6,ENSE00002217670
264,A-band,100,179478664,179478478,221866,222052,49346,49532,100,95,2,A,Fibronectin type-III 7,ENSE00002295349
265,A-band,100,179478003,179477888,222527,222642,49533,49648,100,96,1,A,Fibronectin type-III 7,ENSE00002281617
266,A-band,100,179477799,179477500,222731,223030,49649,49948,100,95,1,S,Fibronectin type-III 8,ENSE00002276176
267,A-band,100,179477303,179477004,223227,223526,49949,50248,100,93,1,S,Fibronectin type-III 9,ENSE00002295762
268,A-band,100,179476889,179476784,223641,223746,50249,50354,100,93,2,A,Fibronectin type-III 10,ENSE00002218112
269,A-band,100,179476681,179476485,223849,224045,50355,50551,100,94,1,A,Fibronectin type-III 10,ENSE00002300253
270,A-band,100,179476404,179476099,224126,224431,50552,50857,100,94,1,S,Fibronectin type-III 11,ENSE00002224451
271,A-band,100,179475998,179475720,224532,224810,50858,51136,100,94,1,S,Ig-like 97,ENSE00002310196
272,A-band,100,179475116,179474817,225414,225713,51137,51436,100,95,1,S,Fibronectin type-III 12,ENSE00002263850
273,A-band,100,179474713,179474411,225817,226119,51437,51739,100,95,1,S,Fibronectin type-III 13,ENSE00002291644
274,A-band,100,179474297,179473935,226233,226595,51740,52102,100,95,1,S,Ig-like 98,ENSE00002315548
275,A-band,100,179473635,179473333,226895,227197,52103,52405,100,94,1,S,Fibronectin type-III 14,ENSE00002270834
276,A-band,100,179473204,179472905,227326,227625,52406,52705,100,96,1,S,Fibronectin type-III 15,ENSE00002288726
277,A-band,100,179472808,179472512,227722,228018,52706,53002,100,93,1,S,Fibronectin type-III 16,ENSE00002232274
278,A-band,100,179472412,179472128,228118,228402,53003,53287,100,94,1,S,Ig-like 99,ENSE00002267585
279,A-band,100,179472041,179471748,228489,228782,53288,53581,100,93,1,S,Fibronectin type-III 17,ENSE00002251156
280,A-band,100,179470440,179470141,230090,230389,53582,53881,100,93,1,S,Fibronectin type-III 18,ENSE00002296023
281,A-band,100,179470022,179469714,230508,230816,53882,54190,100,93,1,S,Ig-like 100,ENSE00002293069
282,A-band,100,179469625,179469435,230905,231095,54191,54381,100,93,0,A,Fibronectin type-III 19,ENSE00002282509
283,A-band,100,179469032,179468603,231498,231927,54382,54811,100,94,1,A,Fibronectin type-III 20,ENSE00002265632
284,A-band,100,179467317,179467009,233213,233521,54812,55120,100,89,1,S,Fibronectin type-III 21,ENSE00002303405
285,A-band,100,179466877,179466729,233653,233801,55121,55269,100,90,0,A,Ig-like 101,ENSE00002230234
286,A-band,100,179466641,179466609,233889,233921,55270,55302,100,87,0,S,Ig-like 101,ENSE00002207065
287,A-band,100,179466514,179466385,234016,234145,55303,55432,100,90,1,A,Ig-like 101,ENSE00002237812
288,A-band,100,179466291,179465992,234239,234538,55433,55732,100,91,1,S,Fibronectin type-III 22,ENSE00002290566
289,A-band,100,179465898,179465581,234632,234949,55733,56050,100,89,1,S,Fibronectin type-III 23,ENSE00002263160
290,A-band,100,179464577,179464281,235953,236249,56051,56347,100,96,1,S,Ig-like 102,ENSE00002247873
291,A-band,100,179464172,179463873,236358,236657,56348,56647,100,93,1,S,Fibronectin type-III 24,ENSE00002271099
292,A-band,100,179463789,179463475,236741,237055,56648,56962,100,94,1,S,Fibronectin type-III 25,ENSE00002237868
293,A-band,100,179463381,179463233,237149,237297,56963,57111,100,95,0,A,Fibronectin type-III 26,ENSE00002208657
294,A-band,100,179462785,179462635,237745,237895,57112,57262,100,96,1,A,Fibronectin type-III 26,ENSE00002230630
295,A-band,100,179462546,179462265,237984,238265,57263,57544,100,100,1,S,Ig-like 103,ENSE00002311207
296,A-band,100,179460536,179460234,239994,240296,57545,57847,100,92,1,S,Fibronectin type-III 27,ENSE00002250989
297,A-band,100,179459373,179459071,241157,241459,57848,58150,100,90,1,S,Fibronectin type-III 28,ENSE00002313443
298,A-band,100,179458969,179458688,241561,241842,58151,58432,100,90,1,S,Ig-like 104,ENSE00002250782
299,A-band,100,179458594,179458295,241936,242235,58433,58732,100,89,1,S,Fibronectin type-III 29,ENSE00002285490
300,A-band,100,179458202,179457900,242328,242630,58733,59035,100,90,1,S,Fibronectin type-III 30,ENSE00002302943
301,A-band,100,179457810,179457502,242720,243028,59036,59344,100,90,1,S,Fibronectin type-III 31,ENSE00002296044
302,A-band,100,179457387,179457106,243143,243424,59345,59626,100,90,1,S,Ig-like 105,ENSE00002298938
303,A-band,100,179457004,179456705,243526,243825,59627,59926,100,91,1,S,Fibronectin type-III 32,ENSE00002226829
304,A-band,100,179456619,179456326,243911,244204,59927,60220,100,92,1,S,Fibronectin type-III 33,ENSE00002323995
305,A-band,100,179456231,179453265,244299,247265,60221,63187,100,97,1,S,"Ig-like 106, Fibronectin type-III 34/35/36, Ig-like 107, Fibronectin type-III 37/38, Ig-like 108, Fibronectin type-III 39/40",ENSE00002316585
306,A-band,100,179452946,179452626,247584,247904,63188,63508,100,90,1,S,Fibronectin type-III 41,ENSE00002280086
307,A-band,100,179452527,179452243,248003,248287,63509,63793,100,91,1,S,Ig-like 109,ENSE00002250493
308,A-band,100,179452144,179451845,248386,248685,63794,64093,100,92,1,S,Fibronectin type-III 42,ENSE00002284091
309,A-band,100,179451534,179451232,248996,249298,64094,64396,100,91,1,S,Fibronectin type-III 43,ENSE00002239616
310,A-band,100,179450074,179449799,250456,250731,64397,64672,100,91,1,S,Ig-like 110,ENSE00002283197
311,A-band,100,179449695,179449396,250835,251134,64673,64972,100,91,1,S,Fibronectin type-III 44,ENSE00002287825
312,A-band,100,179449305,179449003,251225,251527,64973,65275,100,92,1,S,Fibronectin type-III 45,ENSE00002271404
313,A-band,100,179448633,179448334,251897,252196,65276,65575,100,90,1,S,Fibronectin type-III 46,ENSE00002274239
314,A-band,100,179447954,179447667,252576,252863,65576,65863,100,89,1,S,Ig-like 111,ENSE00002211344
315,A-band,100,179447319,179447023,253211,253507,65864,66160,100,88,1,S,Fibronectin type-III 47,ENSE00002274827
316,A-band,100,179446935,179446633,253595,253897,66161,66463,100,86,1,S,Fibronectin type-III 48,ENSE00002310072
317,A-band,100,179446531,179446226,253999,254304,66464,66769,100,88,1,S,Fibronectin type-III 49,ENSE00002307407
318,A-band,100,179445336,179445049,255194,255481,66770,67057,100,91,1,S,,ENSE00002254647
319,A-band,100,179444956,179444666,255574,255864,67058,67348,100,92,1,S,Fibronectin type-III 50,ENSE00002220229
320,A-band,100,179444575,179444288,255955,256242,67349,67636,100,92,1,S,Fibronectin type-III 51,ENSE00002317910
321,A-band,100,179444120,179443533,256410,256997,67637,68224,100,92,1,S,Ig-like 112,ENSE00002298613
322,A-band,100,179443442,179443338,257088,257192,68225,68329,100,91,1,S,Fibronectin type-III 52,ENSE00002288780
323,A-band,100,179442912,179442715,257618,257815,68330,68527,100,91,1,S,Fibronectin type-III 53,ENSE00002245101
324,A-band,100,179442625,179442329,257905,258201,68528,68824,100,91,1,S,Fibronectin type-III 54,ENSE00002235159
325,A-band,100,179442237,179441650,258293,258880,68825,69412,100,93,1,S,"Ig-like 113, Fibronectin type-III 55",ENSE00002285934
326,A-band,100,179441558,179441256,258972,259274,69413,69715,100,94,1,S,Fibronectin type-III 56,ENSE00002259127
327,A-band,100,179441143,179424038,259387,276492,69716,86821,100,95,1,S,"Fibronectin type-III 57, Ig-like 114, Fibronectin type-III 58/59, Ig-like 115, Fibronectin type-III 60/61/62, Ig-like 116, Fibronectin type-III 63/64/65, Ig-like 117, Fibronectin type-III 66/67, Ig-like 118, Fibronectin type-III 68/69/70, Ig-like 119, Fibronectin type-III 71/72/73, Ig-like 120, Fibronectin type-III 74/75, Ig-like 121, Fibronectin type-III 76/77/78, Ig-like 122, Fibronectin type-III 79/80/81, Ig-like 123, Fibronectin type-III 82/83, Ig-like 124, Fibronectin type-III 84/85/86, Ig-like 125, Fibronectin type-III 87/88/89, Ig-like 126, Fibronectin type-III 90/91, Ig-like 127, Fibronectin type-III 92/93/94, Ig-like 128, Fibronectin type-III 96/96/97, Ig-like 129, Fibronectin type-III 98",ENSE00002304613
328,A-band,100,179423364,179423068,277166,277462,86822,87118,100,96,1,S,Fibronectin type-III 99,ENSE00001124292
329,A-band,100,179422962,179422375,277568,278155,87119,87706,100,95,1,S,Fibronectin type-III 100,ENSE00001124286
330,A-band,100,179422282,179421980,278248,278550,87707,88009,100,96,1,S,Fibronectin type-III 101,ENSE00001378208
331,A-band,100,179421871,179421575,278659,278955,88010,88306,100,96,1,S,Fibronectin type-III 102,ENSE00001075046
332,A-band,100,179419879,179419592,280651,280938,88307,88594,100,96,1,S,Ig-like 130,ENSE00001075048
333,A-band,100,179419479,179419180,281051,281350,88595,88894,100,96,1,S,Fibronectin type-III 103,ENSE00001124262
334,A-band,100,179418943,179418641,281587,281889,88895,89197,100,97,1,S,Fibronectin type-III 104,ENSE00001075042
335,A-band,100,179418534,179418229,281996,282301,89198,89503,100,97,1,S,Fibronectin type-III 105,ENSE00001075043
336,A-band,100,179418123,179416357,282407,284173,89504,91270,100,97,1,S,"Ig-like 131, Fibronectin type-III 106/107, Ig-like 132, Fibronectin type-III 108/109",ENSE00001075040
337,A-band,100,179415987,179415694,284543,284836,91271,91564,100,98,1,S,Fibronectin type-III 110,ENSE00001340353
338,A-band,100,179415000,179414713,285530,285817,91565,91852,100,98,1,S,Ig-like 133,ENSE00001340352
339,A-band,100,179414596,179414297,285934,286233,91853,92152,100,98,1,S,Fibronectin type-III 111,ENSE00001340202
340,A-band,100,179414200,179412134,286330,288396,92153,94219,100,98,1,S,"Fibronectin type-III 112/113, Ig-like 134, Fibronectin type-III 114/115, Ig-like 135, Fibronectin type-III 116",ENSE00001378255
341,A-band,100,179412032,179411730,288498,288800,94220,94522,100,98,1,S,Fibronectin type-III 117,ENSE00001161749
342,A-band,100,179411632,179411327,288898,289203,94523,94828,100,98,1,S,Fibronectin type-III 118,ENSE00001237389
343,A-band,100,179411229,179410939,289301,289591,94829,95119,100,98,1,S,Ig-like 136,ENSE00001391632
344,A-band,99,179410843,179410547,289687,289983,95120,95416,100,99,1,S,Fibronectin type-III 119,ENSE00000782729
345,A-band,99,179410420,179410115,290110,290415,95417,95722,100,99,1,S,Fibronectin type-III 120,ENSE00001378983
346,A-band,99,179409233,179408928,291297,291602,95723,96028,100,99,1,S,Fibronectin type-III 121,ENSE00001389240
347,A-band,99,179408842,179408561,291688,291969,96029,96310,100,99,1,S,Ig-like 137,ENSE00001379517
348,A-band,99,179408389,179407796,292141,292734,96311,96904,100,99,1,S,Fibronectin type-III 122/123,ENSE00001387777
349,A-band,99,179407676,179407389,292854,293141,96905,97192,100,99,1,S,Ig-like 138,ENSE00001387624
350,A-band,99,179407290,179406991,293240,293539,97193,97492,100,100,1,S,Fibronectin type-III 124,ENSE00001237336
351,A-band,100,179406311,179406009,294219,294521,97493,97795,100,98,1,S,Fibronectin type-III 125,ENSE00000883007
352,A-band,100,179405097,179404795,295433,295735,97796,98098,100,100,1,S,Fibronectin type-III 126,ENSE00001237323
353,A-band,100,179404693,179404109,295837,296421,98099,98683,100,100,1,S,"Ig-like 139, Fibronectin type-III 127",ENSE00001728573
354,A-band,100,179403978,179403673,296552,296857,98684,98989,100,100,1,S,Fibronectin type-III 128,ENSE00001791968
355,A-band,100,179403566,179403267,296964,297263,98990,99289,100,100,1,S,Fibronectin type-III 129,ENSE00001592209
356,A-band,100,179402644,179402069,297886,298461,99290,99865,100,100,1,S,Ig-like 140,ENSE00001736827
357,A-band,100,179401970,179401665,298560,298865,99866,100171,100,99,1,S,Fibronectin type-III 130,ENSE00001692279
358,A-band,99,179401302,179400709,299228,299821,100172,100765,100,99,1,S,"Fibronectin type-III 131, Ig-like 141",ENSE00001715710
359,M-band,100,179400576,179394968,299954,305562,100766,106374,100,100,0,A,"Ig-like 142, Fibronectin type-III 132, Protein kinase, Ig-like 143/144/145/146/147/148",ENSE00001593660
360,M-band,100,179394843,179394687,305687,305843,106375,106531,100,99,1,A,Ig-like 149,ENSE00001675318
361,M-band,100,179393946,179393255,306584,307275,106532,107223,100,99,0,A,Ig-like 150,ENSE00001632029
362,M-band,100,179393154,179393001,307376,307529,107224,107377,100,100,1,A,Ig-like 151,ENSE00001617064
363,M-band,99,179392475,179392173,308055,308357,107378,107680,99,99,1,S,,ENSE00001762833
364,M-band,100,179392034,179390716,308496,309814,107681,107976,100,100,,A,Ig-like 152,ENSE00001776354
